fold,subfold,words,segments,pos_tags
"2","B","[0.7,ุฏูุงู,ุงููุบุฑุจูุงุช,ูู,ุฎุฏุงูุงุช, ...]","[0.7,ุฏูุงู,ุงู+ูุบุฑุจู+ุงุช,ูู,ุฎุฏุงู+ุงุช, ...]","[NUM,PREP,DET+NOUN+NSUFF,PART,V+PRON, ...]"
"3","B","[ุฃุฎุฑ,ููุณู,ุฑุญ,ุงุชุงุจุนู,๐ฅ, ...]","[ุฃุฎุฑ,ููุณู,ุฑุญ,ุงุชุงุจุน+ู,๐ฅ, ...]","[NOUN,NOUN,PART,V+PRON,EMOT, ...]"
"1","B","[#ููุงุณูููุงุช_ุงูุงุจุชุฏุงุฆู,-,ุฃุณุชุงุฏ,ุงูุฏูููู,ูุงุช, ...]","[#ููุงุณูููุงุช_ุงูุงุจุชุฏุงุฆู,-,ุฃุณุชุงุฏ,ุงู+ุฏูููู,ูุงุช, ...]","[HASH,PUNC,NOUN,DET+NOUN,V, ...]"
"4","B","[@ZahoSghir,ุฃุตูุง,ูุงู,ุจุงูู,ุงู, ...]","[@ZahoSghir,ุฃุตู+ุง,ูุงู,ุจุงูู,ุงู, ...]","[MENTION,NOUN+CASE,V,ADJ,PART, ...]"
"5","A","[ุฃูุง,ูุงูุณูุชุด,ุจูู,ุฃููุณ,ุตูุช, ...]","[ุฃูุง,ูุง+ูุณูุช+ุด,ุจูู,ุฃููุณ,ุตูุช, ...]","[PRON,PART+V+NEG_PART,ADV,NOUN,V, ...]"
"4","A","[-,ุฅูุง,ููุชู,ุฑุงุฌู,ูุจุท, ...]","[-,ุฅูุง,ููุช+ู,ุฑุงุฌู,ูุจุท, ...]","[PUNC,PART,V+PRON,NOUN,V, ...]"
"4","A","[ุงุญุจ,ุฑูุญู,ุงููุงู,ุงูุณุจูุฑู,ูุฎู, ...]","[ุงุญุจ,ุฑูุญ+ู,ุงููุงู,ุงู+ุณุจูุฑ+ู,ูุฎู, ...]","[V,NOUN+NSUFF,NOUN,DET+NOUN+NSUFF,PART, ...]"
"3","B","[#HananeElKhader,ุงุญูู,ุฑุจูุฑุชุงุฌ,ููุงุฏ,ุงูููุณู, ...]","[#HananeElKhader,ุงุญูู,ุฑุจูุฑุชุงุฌ,ู+ูุงุฏ,ุงู+ููุณู, ...]","[HASH,ADJ,NOUN,PREP+PRON,DET+NOUN, ...]"
"3","A","[#AnisBourahla,#IhabAmir,ุงุญูุง,ููุงุฏูุง,ุงุนุทุงููู, ...]","[#AnisBourahla,#IhabAmir,ุงุญูุง,ููุงุฏ+ูุง,ุงุนุทุง+ู+ูู, ...]","[HASH,HASH,PRON,NOUN+PRON,V+PRON+PRON, ...]"
"2","A","[ุงุฎุฐู,ูู,ุงูู,ูุงู,ุจุบูู, ...]","[ุงุฎุฐ+ู,ูู,ุงูู,ูุงู,ุจุบู+ู, ...]","[V+PRON,PREP,PART,V,V+PRON, ...]"
"5","A","[#ููุงุณูููุงุช_ุงูุงุจุชุฏุงุฆู,ุงุณุชุงุฏุฉ,ุชุณุงูุงูู,ุงูุฏูุชุฑ,., ...]","[#ููุงุณูููุงุช_ุงูุงุจุชุฏุงุฆู,ุงุณุชุงุฏ+ุฉ,ุชุณุงูุง+ู+ู,ุงู+ุฏูุชุฑ,., ...]","[HASH,NOUN+NSUFF,V+PREP+PRON,DET+NOUN,PUNC, ...]"
"5","A","[@MajdaNasiri,ุงุณููุง,noha,azz,ุฑุงู, ...]","[@MajdaNasiri,ุงุณู+ูุง,noha,azz,ุฑุง+ู, ...]","[MENTION,NOUN+NSUFF,URL,FOREIGN,PART+PRON, ...]"
"1","B","[ุงูุฏููู,ุนูู,๐,๐ป,ุชุฑููู, ...]","[ุงูุฏ+ู+ู+ู,ุนูู,๐,๐ป,ุชุฑููู, ...]","[V+PRON+PREP+NSUFF,PREP,EMOT,EMOT,NOUN, ...]"
"3","A","[@Fatimae06,ุงููุฏ,ูููุณุง,ูู,ุฌุงู, ...]","[@Fatimae06,ุงููุฏ,ู+ููุณุง,ูู,ุฌุงู, ...]","[MENTION,ADV,CONJ+V,PART,V, ...]"
"1","A","[#ููุงุณูููุงุช_ุงูุงุจุชุฏุงุฆู,ุงูุง,ุจุบูุชู,ุชููุง,ุงูุฏูุฌูููู, ...]","[#ููุงุณูููุงุช_ุงูุงุจุชุฏุงุฆู,ุงูุง,ุจุบูุช+ู,ุชููุง,ุงู+ุฏูุฌูููู, ...]","[HASH,PART,V+PRON,V,DET+NOUN, ...]"
"5","B","[@imaneaymane5,@lhobHanounaRafa,ุงูุจูุงุช,ุจููุฒ,ุงููู, ...]","[@imaneaymane5,@lhobHanounaRafa,ุงู+ุจู+ุงุช,ุจููุฒ,ุงููู, ...]","[MENTION,MENTION,DET+NOUN+NSUFF,NOUN,NOUN, ...]"
"5","A","[ุงูุจูุช,ุตุฏูุงุช,ูุฑุงุฉ,ูุงุฎุฑ,ฺฏุงูุช, ...]","[ุงู+ุจูุช,ุตุฏู+ุงุช,ูุฑุง+ุฉ,ู+ุงุฎุฑ,ฺฏุงู+ุช, ...]","[DET+NOUN,V+PRON,NOUN+NSUFF,DET+NOUN,V+PRON, ...]"
"3","A","[ุงูุชุฎุจูุฉ,ุฏูุงู,ูุงุชุฑูุณ,ุนูู,ูููุงูุง, ...]","[ุงู+ุชุฎุจู+ุฉ,ุฏูุงู,ูุงุชุฑูุณ,ุนูู,ูููุง+ูุง, ...]","[DET+NOUN+NSUFF,PREP,NOUN,PREP,NOUN+NSUFF, ...]"
"1","A","[ุงูุชููุฑูู,ุฏูุงู,ุชุญุท,ููุงุณูุฑ,ูู, ...]","[ุงู+ุชููุฑูู,ุฏูุงู,ุชุญุท,ููุงุณูุฑ,ูู, ...]","[DET+NOUN,PREP,V,NOUN,PREP, ...]"
"3","A","[ุงูุฎูุนุฉ,ูู,ููุง,ุนูู,ุญูุงู, ...]","[ุงู+ุฎูุน+ุฉ,ูู,ูู+ุง,ุนูู,ุญูุงู, ...]","[DET+NOUN+NSUFF,PART,PREP+PRON,PREP,NOUN, ...]"
"2","B","[ุงูุฏุงุฑ,ุงูุจูุถุงุก,ูู,ุจูุนู,ุฏูุงู, ...]","[ุงู+ุฏุงุฑ,ุงู+ุจูุถุงุก,ูู,ุจูุนู,ุฏูุงู, ...]","[DET+NOUN,DET+ADJ,PRON,NOUN,PREP, ...]"
"5","B","[#ููุงุณูููุงุช_ุงูุงุจุชุฏุงุฆู,ุงูุฏุฑุงุฑู,ูุงุนุจูู,ุทุงูุฑุจุงู,ุจุงูุชุตุงูุฑ, ...]","[#ููุงุณูููุงุช_ุงูุงุจุชุฏุงุฆู,ุงู+ุฏุฑุงุฑู,ูุงุนุจ+ูู,ุทุงูุฑุจุงู,ุจ+ุงู+ุชุตุงูุฑ, ...]","[HASH,DET+NOUN,NOUN+NSUFF,NOUN,PREP+DET+NOUN, ...]"
"3","B","[ุงูุฏูุงุชุฑ,ุฏูุงู,24,ุฑูุฉ,ููุตูุฑ, ...]","[ุงู+ุฏูุงุชุฑ,ุฏูุงู,24,ุฑู+ุฉ,ู+ูุตูุฑ, ...]","[DET+NOUN,PREP,NUM,NOUN+NSUFF,CONJ+ADJ, ...]"
"5","A","[#Souhilabenlachhab,#IhabAmir,#StaracArabia,ุงูุณูุงูุฉ,ุงูุฌุฏูุฏุฉ, ...]","[#Souhilabenlachhab,#IhabAmir,#StaracArabia,ุงู+ุณูุงู+ุฉ,ุงู+ุฌุฏูุฏ+ุฉ, ...]","[HASH,HASH,HASH,DET+NOUN+NSUFF,DET+ADJ+NSUFF, ...]"
"1","B","[@aissa_lakehal,ุงูุณููุงุจูู,ูุงุฌุฏูู,ุฎููุง,ุนูุณู, ...]","[@aissa_lakehal,ุงู+ุณููุงุจ+ูู,ูุงุฌุฏ+ูู,ุฎู+ูุง,ุนูุณู, ...]","[MENTION,DET+NOUN+NSUFF,ADJ+NSUFF,NOUN+PRON,NOUN, ...]"
"3","A","[ุงูุณูุฏ,ุณูุฑุงู,ู,ุชูุฏุฑ,ููู, ...]","[ุงู+ุณูุฏ,ุณูุฑุงู,ู,ุชูุฏุฑ,ูู+ู, ...]","[DET+NOUN,ADJ,CONJ,V,PREP+PRON, ...]"
"2","B","[ุงูุนุงูู,ุนุจุงุฑุฉ,ุนู,5,ุฏุฑุงูู, ...]","[ุงู+ุนุงูู,ุนุจุงุฑ+ุฉ,ุนู,5,ุฏุฑุงูู, ...]","[DET+NOUN,NOUN+NSUFF,PREP,NUM,NOUN, ...]"
"3","B","[ุงููุงูุฒ,ุงูู,ุฎุงูููู,ุนูู,ููุงุฏูู, ...]","[ุงู+ูุงูุฒ,ุงูู,ุฎุงูู+ูู,ุนูู,ููุงุฏ+ูู, ...]","[DET+NOUN,PART,ADJ+NSUFF,PREP,NOUN+PRON, ...]"
"2","A","[#ููุงุณูููุงุช_ุงูุงุจุชุฏุงุฆู,ุงููุฑุงูุฉ,ูุงููุณู,ูุงุชูุดู,ุชุฌูุจ, ...]","[#ููุงุณูููุงุช_ุงูุงุจุชุฏุงุฆู,ุงู+ูุฑุงู+ุฉ,ู+ุงู+ูุณู,ูุง+ุชูุดู,ุชุฌูุจ, ...]","[HASH,DET+NOUN+NSUFF,PREP+DET+NOUN,PROG_PART+V,V, ...]"
"5","A","[ุงููุณูู,ุฏูุงู,ุงููุณู,ุฏููุง,ููุจูุบ, ...]","[ุงู+ูุณูู,ุฏูุงู,ุงู+ูุณู,ุฏููุง,ู+ูุจูุบ, ...]","[DET+ADJ,PREP,DET+NOUN,ADV,PROG_PART+V, ...]"
"5","B","[#ููุงุณูููุงุช_ุงูุงุจุชุฏุงุฆู,ุงูููุชุณูุฒู,ุฏูุงู,ุญุฌู,ุถุฏ, ...]","[#ููุงุณูููุงุช_ุงูุงุจุชุฏุงุฆู,ุงู+ููุชุณูุฒู,ุฏูุงู,ุญุฌู,ุถุฏ, ...]","[HASH,DET+NOUN,PREP,NOUN,NOUN, ...]"
"2","B","[#ููุงุณูููุงุช_ุง๏ปปุจุชุฏุงุฆู,ุงููุตุงู,ุฏูุงู,ุฏุฑูู,ููู, ...]","[#ููุงุณูููุงุช_ุง๏ปปุจุชุฏุงุฆู,ุงู+ูุตุงู,ุฏูุงู,ุฏุฑูู,ู+ูู, ...]","[HASH,DET+NOUN,PREP,NOUN,PREP+PART, ...]"
"1","B","[ุงููู,ูุฎุฒููู,ููู,ูุงููุฉ,ุงูุชุจ, ...]","[ุงููู,ูุฎุฒู+ูู,ููู,ูุงูู+ุฉ,ุงูุชุจ, ...]","[NOUN,V+PRON,PART,ADJ+NSUFF,V, ...]"
"2","B","[#hananeelkhader,ุงููู,ููุนู,ูู,ูุงูุญุดู, ...]","[#hananeelkhader,ุงููู,ููุนู,ูู,ูุง+ูุญุดู, ...]","[HASH,NOUN,V,PART,PART+V, ...]"
"4","B","[ุงููู,ุงูุขู,ูุน,ููุฒุฉ,ูุฐุง, ...]","[ุงููู,ุงู+ุขู,ูุน,ููุฒ+ุฉ,ูุฐุง, ...]","[PART,DET+NOUN,CONJ,NOUN+NSUFF,PRON, ...]"
"5","A","[ุงููู,ูุถุญููู,ูุงุฏ,ุงูููุณู,๐, ...]","[ุงููู,ูุถุญู+ูู,ูุงุฏ,ุงู+ููุณู,๐, ...]","[PART,NOUN+PRON,PRON,DET+NOUN,EMOT, ...]"
"5","B","[ุงููู,ูุญุจูุง,ูุง,ูุฏูุฑููุงุด,ุงููุดุงูู, ...]","[ุงููู,ูุญุจ+ูุง,ูุง,ูุฏูุฑ+ู+ูุง+ุด,ุงู+ูุดุงูู, ...]","[PART,V+PRON,PART,V+PREP+PRON+NEG_PART,DET+NOUN, ...]"
"2","B","[ุงููุณุฑุญูุฉ,ุชููุชููุง,ุจุฑุงูู,ุนูููู,ุ, ...]","[ุงู+ูุณุฑุญู+ุฉ,ุชูู+ุชู+ูุง,ุจุฑุงูู,ุนูู+ูู,ุ, ...]","[DET+NOUN+NSUFF,V+PRON+PRON,NOUN,PREP+PRON,PUNC, ...]"
"1","A","[#ููุงุณูููุงุช_ุงูุงุจุชุฏุงุฆู,ุงููุณูุฉ,ุงููู,ุชุงุชููุง,ูููุง, ...]","[#ููุงุณูููุงุช_ุงูุงุจุชุฏุงุฆู,ุงู+ูุณู+ุฉ,ุงููู,ุชุง+ุชููุง,ูู+ูุง, ...]","[HASH,DET+NOUN+NSUFF,PART,FUT_PART+V,PREP+PRON, ...]"
"1","A","[ุงููุบุงุฑุจุฉ,ูู,ูุถููู,ูููุงู,ุงููุงุจ, ...]","[ุงู+ูุบุงุฑุจ+ุฉ,ูู,ูุถู+ูู,ูู+ูุงู,ุงููุงุจ, ...]","[DET+NOUN+NSUFF,PREP,NOUN+PRON,CONJ+V,NOUN, ...]"
"5","A","[ุงูููู,ุงูู,ุงูุญูู,ุจุฎูุฑ,ู, ...]","[ุงู+ููู,ุงู+ู,ุงู+ุญูู,ุจ+ุฎูุฑ,ู, ...]","[DET+NOUN,PART+PRON,DET+ADV,PREP+NOUN,CONJ, ...]"
"4","B","[ุงููุงุณ,ูู,ุฌุงููู,ูููุทุงุฑ,ุนุงูุงูู, ...]","[ุงู+ูุงุณ,ูู,ุฌุงู+ูู,ู+ุงู+ูุทุงุฑ,ุนุงูุง+ูู, ...]","[DET+NOUN,PART,ADJ+NSUFF,PREP+DET+NOUN,V+PRON, ...]"
"4","A","[@rajouana,ุงููุฏุฑุฉ,ุฒูููุฉ,ุจุฒุงู,ููุงุฑ, ...]","[@rajouana,ุงู+ูุฏุฑ+ุฉ,ุฒููู+ุฉ,ุจุฒุงู,ููุงุฑ, ...]","[MENTION,DET+NOUN+NSUFF,ADJ+NSUFF,ADV,NOUN, ...]"
"4","B","[#ููุงุณูููุงุช_ุงูุงุจุชุฏุงุฆู,ุงููุงููุฏุฉ,ุ,ุนุทููู,10, ...]","[#ููุงุณูููุงุช_ุงูุงุจุชุฏุงุฆู,ุงู+ูุงููุฏ+ุฉ,ุ,ุนุทู+ูู,10, ...]","[HASH,DET+NOUN+NSUFF,PUNC,V+PRON,NUM, ...]"
"5","A","[ุงูููุช,ูุงุฏ,ูุง,ุจุชูุฏุฑ,ุชุฏุฑุณ, ...]","[ุงู+ููุช,ูุงุฏ,ูุง,ุจ+ุชูุฏุฑ,ุชุฏุฑุณ, ...]","[DET+NOUN,PRON,PART,PROG_PART+V,V, ...]"
"5","A","[ุงูู,ูู,ูุงูุฒ,ุญูุงู,ุงูุญูููู, ...]","[ุงูู,ูู,ูุงูุฒ,ุญูุงู,ุงู+ุญูููู, ...]","[PREP,NOUN,NOUN,NOUN,DET+NOUN, ...]"
"3","B","[ุงูู,ุชูุญุด,ูุณูุน,ุงูุงุจ,ูููู, ...]","[ุงูู,ุชูุญุด,ูุณูุน,ุงูุงุจ,ู+ููู, ...]","[PART,V,V,NOUN,DET+NOUN, ...]"
"1","B","[#HananeElkhader,#StaracArabia,ุงูู,ูุงูุฒ,ุญูุงู, ...]","[#HananeElkhader,#StaracArabia,ุงูู,ูุงูุฒ,ุญูุงู, ...]","[HASH,HASH,PART,NOUN,NOUN, ...]"
"4","A","[ุงูู,ูุญุจ,ุณูููุฉ,ูุงุด,ูุงุฒู, ...]","[ุงูู,ูุญุจ,ุณููู+ุฉ,ูุงุด,ูุงุฒู, ...]","[PART,V,NOUN+NSUFF,PART,NOUN, ...]"
"3","B","[#SouhilaBenLachhab,ุงูููู,ุฑุญุช,ููุนูู,ูุชุงุฎุฑุฉ, ...]","[#SouhilaBenLachhab,ุงู+ููู,ุฑุญ+ุช,ู+ุงู+ุนูู,ูุชุงุฎุฑ+ุฉ, ...]","[HASH,DET+NOUN,V+PRON,PREP+DET+NOUN,ADJ+NSUFF, ...]"
"3","B","[ุงูููู,ูุซุฑุชู,ูู,ุฒุทูุฉ,ูููููู, ...]","[ุงู+ููู,ูุซุฑุช+ู,ูู,ุฒุทู+ุฉ,ูููููู, ...]","[DET+NOUN,V+PRON,PREP,NOUN+NSUFF,EMOT, ...]"
"3","A","[@moun214,ุงููู,ูุง,ุฑุจู,ุจุงูู, ...]","[@moun214,ุงููู,ูุง,ุฑุจ+ู,ุจุงูู, ...]","[MENTION,NOUN,PART,NOUN+PRON,V, ...]"
"3","A","[#StaracArabia,#HananeElKhader,ุงูุง,ุชุนุตุจูู,ุญูุงู, ...]","[#StaracArabia,#HananeElKhader,ุงูุง,ุชุนุตุจ+ูู,ุญูุงู, ...]","[HASH,HASH,PRON,V+PRON,NOUN, ...]"
"1","A","[#IhabAmir,#SouhailaBenLachhab,ุงูุง,ู,ุงููู, ...]","[#IhabAmir,#SouhailaBenLachhab,ุงูุง,ู,ุงููู, ...]","[HASH,HASH,PRON,CONJ,NOUN, ...]"
"1","A","[ุงูุชููุง,ุงุตุจุฑู,ูุงุฒุงู,ูุง,ุดูุชู, ...]","[ุงูุชููุง,ุงุตุจุฑ+ู,ูุงุฒุงู,ูุง,ุดูุช+ู, ...]","[PRON,V+PRON,PART,PART,V+PRON, ...]"
"1","A","[ุงูุชู,ุจุงุบูู,ูุงุญุฏ,ูููู,ุฏูู, ...]","[ุงูุชู,ุจุงุบู+ู,ูุงุญุฏ,ูููู,ุฏู+ู, ...]","[PRON,V+PRON,NOUN,V,NOUN+PRON, ...]"
"3","A","[@nadinesmayra,ุงูุชู,ุจุณ,ุฌุฑุจู,ุชุฏุฎูู, ...]","[@nadinesmayra,ุงูุชู,ุจุณ,ุฌุฑุจ+ู,ุชุฏุฎู+ู, ...]","[MENTION,PRON,ADV,V+PRON,V+PRON, ...]"
"4","A","[ุงูุชู,ูููุจุง,ุงุญูู,ุซูุงุฆู,ุงุณูุนูู, ...]","[ุงูุชู,ู+ููุจุง,ุงุญูู,ุซูุงุฆู,ุงุณูุน+ู+ู, ...]","[PRON,CONJ+NOUN,ADJ,NOUN,V+PRON+PRON, ...]"
"5","A","[ุงูุดุงุก,ุงููู,ุชุฑุฌุน,ู,ููุตููุง, ...]","[ุงูุดุงุก,ุงููู,ุชุฑุฌุน,ู,ููุตู+ูุง, ...]","[NOUN,NOUN,V,CONJ,V+PRON, ...]"
"1","B","[@najet811,@souad_souadsou,ุงู,ุงููุฏ,ุงูุชุตููุช, ...]","[@najet811,@souad_souadsou,ุงู,ุงููุฏ,ุงู+ุชุตููุช, ...]","[MENTION,MENTION,NOUN,ADV,DET+NOUN, ...]"
"2","B","[@DadiMila,ุงู,ุฑุงู,ุงููุงุฆุฏ,ุฏุฎู, ...]","[@DadiMila,ุงู,ุฑุง+ู,ุงู+ูุงุฆุฏ,ุฏุฎู, ...]","[MENTION,NOUN,PART+PRON,DET+NOUN,V, ...]"
"4","B","[@GhitaMaroc_,ุงู,ูุดูุชูู,ูู,ูููุงุด, ...]","[@GhitaMaroc_,ุงู,ู+ุดูุช+ู+ู,ูู,ูููุงุด, ...]","[MENTION,NOUN,CONJ+V+PRON+PRON,PRON,PART, ...]"
"2","A","[#IhabAmir,#socailMediaNight,ุงูุงุจ,ููุฏุงูุดุนุจ,ุดุนุจ, ...]","[#IhabAmir,#socailMediaNight,ุงูุงุจ,ููุฏ+ุงู+ุดุนุจ,ุดุนุจ, ...]","[HASH,HASH,NOUN,NOUN+DET+NOUN,NOUN, ...]"
"3","A","[ุงูู,ูุฑุฉ,ูููุน,ุดู,ูุงุญุฏ, ...]","[ุงูู,ูุฑ+ุฉ,ูููุน,ุดู,ูุงุญุฏ, ...]","[NOUN,NOUN+NSUFF,V,NOUN,ADJ, ...]"
"5","B","[@nabiloussama16,ุงูู,ูุงููู,ุจุฒุงู,ูู, ...]","[@nabiloussama16,ุงูู,ู+ุงููู,ุจุฒุงู,ูู, ...]","[MENTION,PART,CONJ+NOUN,ADV,PART, ...]"
"1","B","[ุงููุงุจ,ุชููุง,ูุญูุงู,ููุงุชุฎูุด,ุงูุจุฑุงูู, ...]","[ุงููุงุจ,ุชููุง,ู+ุญูุงู,ู+ูุง+ุชุฎู+ุด,ุงู+ุจุฑุงูู, ...]","[NOUN,V,PREP+NOUN,CONJ+PART+V+NEG_PART,DET+NOUN, ...]"
"2","A","[ุงููุงุจ,ุญุฏูุซ,ุงูุณุงุนุฉ,ูุง,ูุงุณ, ...]","[ุงููุงุจ,ุญุฏูุซ,ุงู+ุณุงุน+ุฉ,ูุง,ูุงุณ, ...]","[NOUN,NOUN,DET+NOUN+NSUFF,PART,NOUN, ...]"
"4","B","[ุงููุงุจ,:,ุฑุงูู,ุนุงุฑูุฉ,ูุชู, ...]","[ุงููุงุจ,:,ุฑุง+ูู,ุนุงุฑู+ุฉ,ูุชู, ...]","[NOUN,PUNC,PART+PRON,ADJ+NSUFF,PRON, ...]"
"2","B","[#IhabAmir,#SocialMediaNight,ุงููุงุจ,ุฒูุฑ,ุฑุงุณู, ...]","[#IhabAmir,#SocialMediaNight,ุงููุงุจ,ุฒูุฑ,ุฑุงุณ+ู, ...]","[HASH,HASH,NOUN,V,NOUN+PRON, ...]"
"5","B","[#SocialMediaNight,ุงููุงุจ,ุณูููุฉ,ูุงูุช,ุชุญูู, ...]","[#SocialMediaNight,ุงููุงุจ,ุณููู+ุฉ,ูุงู+ุช,ุชุญูู, ...]","[HASH,NOUN,NOUN+NSUFF,V+PRON,V, ...]"
"5","A","[ุงููุงุจ,ูููุงู,ุฑุงู,ุฑุงูุจ,ู, ...]","[ุงููุงุจ,ูู+ูุงู,ุฑุง+ู,ุฑุงูุจ,ู, ...]","[NOUN,CONJ+V,PART+PRON,ADJ,PREP, ...]"
"2","A","[#SouhailaBenLachhab,#IhabAmir,ุงููุงุจ,ูุณูููุฉ,ูุงุญุฏ, ...]","[#SouhailaBenLachhab,#IhabAmir,ุงููุงุจ,ู+ุณููู+ุฉ,ูุงุญุฏ, ...]","[HASH,HASH,NOUN,CONJ+NOUN+NSUFF,ADJ, ...]"
"4","A","[@GhizlaneGM,ุงููู,ุงููู,ุณุฑูู,ุงูุทุงููุจูู, ...]","[@GhizlaneGM,ุงููู,ุงููู,ุณุฑู+ู,ุงู+ุทุงููุจูู, ...]","[MENTION,NOUN,PART,V+PRON,DET+NOUN, ...]"
"5","B","[ุจุงูุนุฑุจูุฉ,ูุงุฏุดู,ุบูุฑ,ุชุจุฑููุด,ุฏุนูู, ...]","[ุจ+ุงู+ุนุฑุจู+ุฉ,ูุงุฏุดู,ุบูุฑ,ุชุจุฑููุด,ุฏุนู+ู, ...]","[PREP+DET+NOUN+NSUFF,PRON,NOUN,NOUN,V+PRON, ...]"
"4","B","[ุจุงู,ุจุงู,ูุตุฑ,ููู,ูุจูุงู, ...]","[ุจุงู,ุจุงู,ูุตุฑ,ููู,ูุจูุงู, ...]","[NOUN,NOUN,NOUN,NOUN,NOUN, ...]"
"1","A","[#ุจุจุณู_ูุน_ุณูููู_ููุง_ุชูุฏุฑ,#ุจุงูุบุฑุงู,#ุดุจู_ุงูุญููู,#NouvelAn,#HappyNewYear_Souhila, ...]","[#ุจุจุณู_ูุน_ุณูููู_ููุง_ุชูุฏุฑ,#ุจุงูุบุฑุงู,#ุดุจู_ุงูุญููู,#NouvelAn,#HappyNewYear_Souhila, ...]","[HASH,HASH,HASH,HASH,HASH, ...]"
"5","A","[*,ุจุฑุฏ,ูุฏูู,ูุนุง,ุงูุญุฏูุฏุฉ, ...]","[*,ุจุฑุฏ,ูุฏ+ู+ู,ูุนุง,ุงู+ุญุฏูุฏ+ุฉ, ...]","[PUNC,V,NOUN+NSUFF+PRON,NOUN,DET+NOUN+NSUFF, ...]"
"4","B","[ุจุฒุงู,ุนููู,ูู,ุฏูููุฉ,ุงููุบุฑุจ, ...]","[ุจุฒุงู,ุนูู+ู,ูู,ุฏููู+ุฉ,ุงู+ูุบุฑุจ, ...]","[ADV,PREP+PRON,NOUN,NOUN+NSUFF,DET+NOUN, ...]"
"4","B","[ุจุฒุงู,ุนููู,ูุตุนูุจ,ุชูุนุจู,ุจูุง, ...]","[ุจุฒุงู,ุนูู+ู,ู+ุตุนูุจ,ุชูุนุจ+ู,ุจ+ูุง, ...]","[ADV,PREP+PRON,CONJ+NOUN,V+PRON,PREP+PRON, ...]"
"2","B","[@HasamiBouchra,ุจุตุญ,ุงูุง,ูุฑุงูุดูุฉ,ุฎุฎุฎุฎุฎ, ...]","[@HasamiBouchra,ุจ+ุตุญ,ุงูุง,ูุฑุงูุดู+ุฉ,ุฎุฎุฎุฎุฎ, ...]","[MENTION,PREP+NOUN,PRON,ADJ+NSUFF,EMOT, ...]"
"4","B","[ุจุตุญ,ูุง,ูุนุฑูุด,ูุฏุงู,ุงูุณุงุนุฉ, ...]","[ุจ+ุตุญ,ูุง,ูุนุฑู+ุด,ูุฏุงู,ุงู+ุณุงุน+ุฉ, ...]","[PREP+NOUN,PART,V+NEG_PART,NOUN,DET+NOUN+NSUFF, ...]"
"4","B","[#NassimRaissi,#SocialMediaNight,ุจุนุฏ,ุฎุฑูุฌ,ุงููุงุจ, ...]","[#NassimRaissi,#SocialMediaNight,ุจุนุฏ,ุฎุฑูุฌ,ุงููุงุจ, ...]","[HASH,HASH,ADV,NOUN,NOUN, ...]"
"2","B","[ุจุบูุช,ุดูุงุฑุฉ,ุฏูุงู,ุงูุฑููุถ,#ููุงุณูููุงุช_ุงูุงุจุชุฏุงุฆู, ...]","[ุจุบู+ุช,ุดูุงุฑ+ุฉ,ุฏูุงู,ุงู+ุฑููุถ,#ููุงุณูููุงุช_ุงูุงุจุชุฏุงุฆู, ...]","[V+PRON,NOUN+NSUFF,PREP,DET+NOUN,HASH, ...]"
"5","B","[ุจุบูุชูุง,ุบุง,ุชุฎุฑุฌ,ูู,ุงุฐุงุนุฉ, ...]","[ุจุบู+ุช+ูุง,ุบุง,ุชุฎุฑุฌ,ูู,ุงุฐุงุน+ุฉ, ...]","[V+PRON+PRON,PART,V,PREP,NOUN+NSUFF, ...]"
"5","B","[#StaracArabia,#HananeElkhader,#IhabAmir,ุจุบูุชู,ุบูุฑ, ...]","[#StaracArabia,#HananeElkhader,#IhabAmir,ุจุบูุช+ู,ุบูุฑ, ...]","[HASH,HASH,HASH,V+PRON,NOUN, ...]"
"4","A","[ุจุบูุชู,ูููู,ุนูุฏู,#ุงูุฒูุฑ,ูุน, ...]","[ุจุบู+ุชู,ูููู,ุนูุฏ+ู,#ุงูุฒูุฑ,ูุน, ...]","[V+PRON,V,NOUN+PRON,HASH,CONJ, ...]"
"2","A","[#WeWantSouhilaInConstantine,ุจูุง,ูุงูุญููู,ุฑุงูุง,ูุนุฑููุฉ, ...]","[#WeWantSouhilaInConstantine,ุจ+ูุง,ูุง+ูุญูู+ู,ุฑุง+ูุง,ูุนุฑูู+ุฉ, ...]","[HASH,PREP+PART,PART+V+PRON,PART+PRON,ADJ+NSUFF, ...]"
"3","A","[ุจููุฒ,ุณููุงุจููู,ุงูุดุฑููุง,ุจุงุด,ุชูุตู, ...]","[ุจููุฒ,ุณููุงุจููู,ุงูุดุฑ+ู+ูุง,ุจุงุด,ุชูุตู, ...]","[NOUN,NOUN,V+PRON+PRON,PART,V, ...]"
"1","A","[@AmNaAlgeriana,@akdi2014oumaima,ุจูููุฒ,ุงุฎูุงููุง,ุงูุฌุฒุงุฆุฑููู, ...]","[@AmNaAlgeriana,@akdi2014oumaima,ุจูููุฒ,ุงุฎูุงู+ูุง,ุงู+ุฌุฒุงุฆุฑู+ูู, ...]","[MENTION,MENTION,NOUN,NOUN+PRON,DET+ADJ+NSUFF, ...]"
"2","B","[#hananeelkhader,ุจูุงุฏู,ูููุฎ,ูุงุด,ุจุบูุชู, ...]","[#hananeelkhader,ุจู+ุงุฏู,ูููุฎ,ูุงุด,ุจุบูุช+ู, ...]","[HASH,NOUN+NOUN,ADJ,PART,V+PRON, ...]"
"1","A","[@souhilastar4,ุจูุช,ุจูุงุฏู,ูุงูุฒ,ุนุจุงุณ, ...]","[@souhilastar4,ุจูุช,ุจูุงุฏ+ู,ูุงูุฒ,ุนุจุงุณ, ...]","[MENTION,NOUN,NOUN+PRON,NOUN,NOUN, ...]"
"2","A","[ุจูุช,ุจูุฏ,ุงูููููู,ู,ูุตู, ...]","[ุจูุช,ุจูุฏ,ุงู+ููููู,ู,ูุตู, ...]","[NOUN,NOUN,DET+NOUN,CONJ,NOUN, ...]"
"3","B","[ุจููุงูุชู,ูุงุฎุง,ุ,ูููู,ุนูุงุด, ...]","[ุจููุงูุชู,ูุงุฎุง,ุ,ู+ููู,ุนูุงุด, ...]","[NOUN,NOUN,PUNC,CONJ+PART,PART, ...]"
"3","A","[@Gulia_Salim,@ninoucha3006,ุดููู,ุงููู,ูุงูู, ...]","[@Gulia_Salim,@ninoucha3006,ุดููู,ุงููู,ูุงู+ู, ...]","[MENTION,MENTION,PART,PART,V+PRON, ...]"
"5","A","[#ููุงุณูููุงุช_ุงูุงุจุชุฏุงุฆู,-,ูุชุณุฎู,ูุฏูู,ููุงูุฏุฌูู, ...]","[#ููุงุณูููุงุช_ุงูุงุจุชุฏุงุฆู,-,ู+ุชุณุฎู,ูุฏ+ู+ู,ู+ุงู+ุฏุฌูู, ...]","[HASH,PUNC,CONJ+V,NOUN+NSUFF+PRON,PREP+DET+NOUN, ...]"
"3","A","[@souhilabintarab,ุชุณุชุงููู,ูู,ุงููุงุณ,ูุญุจูู, ...]","[@souhilabintarab,ุชุณุชุงูู+ู,ูู,ุงู+ูุงุณ,ูุญุจ+ู+ู, ...]","[MENTION,V+PRON,NOUN,DET+NOUN,V+PRON+PRON, ...]"
"1","B","[ุชุณูุงุชููู,ุงุดูู,ูุงุชุจุฉ,ุงุจุชุณุงู,ูู, ...]","[ุช+ุณูุงุช+ููู,ุงุดูู,ูุงุชุจ+ุฉ,ุงุจุชุณุงู,ูู, ...]","[PART+NOUN+NSUFF,PART,NOUN+NSUFF,NOUN,PREP, ...]"
"2","A","[ุชุตุจุญูุง,ุนูู,ุฎูุฑ,ูุง,ุฑุจุงุนู, ...]","[ุชุตุจุญ+ูุง,ุนูู,ุฎูุฑ,ูุง,ุฑุจุงุน+ู, ...]","[V+PRON,PREP,NOUN,PART,NOUN+NSUFF, ...]"
"1","B","[ุชููุฑุช,ุฑูู,ุบุฒุงูู,ูู,ุญูุงุช, ...]","[ุชููุฑ+ุช,ุฑูู,ุบุฒุงูู,ูู,ุญู+ุงุช, ...]","[V+PRON,NOUN,NOUN,PART,V+PRON, ...]"
"2","B","[#ููุงุณูููุงุช_ุงูุงุจุชุฏุงุฆู,ุชูุฑู,ูู,ุงูุฎุฒุงูุฉ,ุฏูุงู, ...]","[#ููุงุณูููุงุช_ุงูุงุจุชุฏุงุฆู,ุชูุฑู,ูู,ุงู+ุฎุฒุงู+ุฉ,ุฏูุงู, ...]","[HASH,V,PREP,DET+NOUN+NSUFF,PREP, ...]"
"1","A","[ุดููู,ูู,ุงูููุงูุจ,ุชุจุบูู,ุชุดููู, ...]","[ุดููู,ูู,ุงู+ููุงูุจ,ุชุจุบู+ู,ุชุดูู+ู, ...]","[PART,PREP,DET+NOUN,V+PRON,V+PRON, ...]"
"2","B","[@SouhilaBnLachab,ุชูุจูู,:,ูุฐุง,ูุฐุงุจ, ...]","[@SouhilaBnLachab,ุชูุจูู,:,ูุฐุง,ูุฐุงุจ, ...]","[MENTION,NOUN,PUNC,PRON,NOUN, ...]"
"2","A","[#ุชูุญุดูุงู_ูุง_ุงููุงุจ,#ุชูุญุดูุงู_ูุง_ุงููุงุจ,#ุงููู_ูุดุงููู_ุงููุงุจ,ุชูุญุดูุง,ุงูุถุญูุฉ, ...]","[#ุชูุญุดูุงู_ูุง_ุงููุงุจ,#ุชูุญุดูุงู_ูุง_ุงููุงุจ,#ุงููู_ูุดุงููู_ุงููุงุจ,ุชูุญุด+ูุง,ุงู+ุถุญู+ุฉ, ...]","[HASH,HASH,HASH,V+PRON,DET+NOUN+NSUFF, ...]"
"2","B","[ุฌููู,ุงู,ุฌูููุฑ,ุณุชุงุฑู,ุงูุฌุฒุงุฆุฑู, ...]","[ุฌููู,ุงู,ุฌูููุฑ,ุณุชุงุฑู,ุงู+ุฌุฒุงุฆุฑู, ...]","[NOUN,PART,NOUN,NOUN,DET+ADJ, ...]"
"5","B","[ุฌูุจู,ูู,ุจู,ูุฑุงูุน,ุณุชููู, ...]","[ุฌูุจ+ู,ู+ู,ุจู,ูุฑุงูุน,ุณุชููู, ...]","[V+PRON,PREP+PRON,NOUN,NOUN,NOUN, ...]"
"5","B","[ุญุงุจุฉ,ูุดูู,ุบุฏุฉ,ูุนู,ุณูุณู, ...]","[ุญุงุจ+ุฉ,ูุดูู,ุบุฏ+ุฉ,ูุนู,ุณูุณู, ...]","[NOUN+NSUFF,V,ADV+NSUFF,NOUN,NOUN, ...]"
"1","A","[ุญุงุจุณูููุง,ุนูุฏูู,ูุฎุณุฑูุด,ุนูููุง,ุญุชู, ...]","[ุญุงุจุณ+ูู+ูุง,ุนูุฏ+ูู,ู+ุฎุณุฑ+ู+ุด,ุนูู+ูุง,ุญุชู, ...]","[V+PRON+PRON,NOUN+PRON,PART+V+PRON+NEG_PART,PREP+PRON,PART, ...]"
"5","A","[@faridarguiba,ุญุชู,ุญูุง,ูุง,ูุบุฒุงูู, ...]","[@faridarguiba,ุญุชู,ุญูุง,ูุง,ู+ุบุฒุงู+ู, ...]","[MENTION,PART,PRON,PART,DET+NOUN+NSUFF, ...]"
"3","B","[@79Anise,@ChawkiOfficial,@AnisBourahla1,ุญุฑุงู,ุนูููู, ...]","[@79Anise,@ChawkiOfficial,@AnisBourahla1,ุญุฑุงู,ุนูู+ูู, ...]","[MENTION,MENTION,MENTION,NOUN,PREP+PRON, ...]"
"1","B","[#ุญุฑูุฉ_ูุงูุฏูููู,#ูุง_ูุชุบููุฑ_ูุงููู_ุงูุงูุชุฎุงุจุงุช,#ูุคูุฏ_ุชุญุตูู_ูุฌูุฉ_ุงูุชุฎุงุจุงุช_ุงูุฑุฆุงุณุฉ,ุงูู,ูุง, ...]","[#ุญุฑูุฉ_ูุงูุฏูููู,#ูุง_ูุชุบููุฑ_ูุงููู_ุงูุงูุชุฎุงุจุงุช,#ูุคูุฏ_ุชุญุตูู_ูุฌูุฉ_ุงูุชุฎุงุจุงุช_ุงูุฑุฆุงุณุฉ,ุงูู,ูุง, ...]","[HASH,HASH,HASH,PART,PART, ...]"
"3","B","[ุญุณุจ,ุนุงุฌู,ููุงุฉ,ุงูุฎุถุฑุงุก,ุงูููู, ...]","[ุญุณุจ,ุนุงุฌู,ููุง+ุฉ,ุงู+ุฎุถุฑุงุก,ุงู+ููู, ...]","[NOUN,ADJ,NOUN+NSUFF,DET+NOUN,DET+NOUN, ...]"
"1","A","[#ููุงุณูููุงุช_ุงูุงุจุชุฏุงุฆู,ุญุท,ุฒุบุจุฉ,ุญูุงุฑ,ูุงููุฑุณู, ...]","[#ููุงุณูููุงุช_ุงูุงุจุชุฏุงุฆู,ุญุท,ุฒุบุจ+ุฉ,ุญูุงุฑ,ู+ุงู+ูุฑุณู, ...]","[HASH,V,NOUN+NSUFF,NOUN,PREP+DET+NOUN, ...]"
"1","B","[@sheryfa_Teamdz,@maya_sarra,ุญูุงุจุงุช,ุจูุงุฏู,ููุญูู, ...]","[@sheryfa_Teamdz,@maya_sarra,ุญูุงุจ+ุงุช,ุจูุงุฏ+ู,ููุญู+ู, ...]","[MENTION,MENTION,NOUN+NSUFF,NOUN+PRON,V+PRON, ...]"
"1","B","[@noumidya19,ุญูุงุฑุฉ,ุงููู,ูุนุทููุง,ุงูุฏู, ...]","[@noumidya19,ุญูุงุฑ+ุฉ,ุงููู,ูุนุทู+ูุง,ุงู+ุฏู, ...]","[MENTION,NOUN+NSUFF,NOUN,V+PRON,DET+NOUN, ...]"
"3","A","[#HananeElKhader,#StaracArabia,ุญูุงู,ููุงุณู,ูููููู, ...]","[#HananeElKhader,#StaracArabia,ุญูุงู,ู+ุงู+ุงุณู,ูููููู, ...]","[HASH,HASH,NOUN,PREP+DET+NOUN,NOUN, ...]"
"5","B","[@91sofiaa,@ibtissa50624402,@Nouhayl_12,ุญูุงู,ูุง, ...]","[@91sofiaa,@ibtissa50624402,@Nouhayl_12,ุญูุงู,ูุง, ...]","[MENTION,MENTION,MENTION,NOUN,PART, ...]"
"5","A","[ุฎุงุต,ุดู,ูุงุญุฏ,ูุฏูุฑ,ูููุณููพุท, ...]","[ุฎุงุต,ุดู,ูุงุญุฏ,ูุฏูุฑ,ูููุณููพุท, ...]","[V,NOUN,ADJ,V,NOUN, ...]"
"1","A","[ุฎุงูุชู,ูุงูู,ุญุณุงุจ,ูุงุชุจ,ูุฏูุฑ, ...]","[ุฎุงู+ุช+ู,ูุงูู,ุญุณุงุจ,ูุงุชุจ,ูุฏูุฑ, ...]","[NOUN+NSUFF+PRON,ADJ,NOUN,NOUN,NOUN, ...]"
"5","B","[#ChantalGeagea,ุฎุฑุฌุชู,ูุงุด,ุฑุจุญุชู,ูุง, ...]","[#ChantalGeagea,ุฎุฑุฌ+ุชู,ูุงุด,ุฑุจุญ+ุชู,ูุง, ...]","[HASH,V+PRON,PART,V+PRON,PART, ...]"
"4","B","[@rimi_amir,ุฎููุง,ุฎูุงุต,ุฎูููุง,ูุญูู, ...]","[@rimi_amir,ุฎู+ูุง,ุฎูุงุต,ุฎู+ู+ูุง,ูุญู+ู, ...]","[MENTION,NOUN+PRON,NOUN,V+PRON+PRON,V+PRON, ...]"
"4","B","[ุฏ,#ููู_ุฑุงูู_ูู_ุงูุดุนุจ_ุงูุฌุฒุงูุฑู,ุดุนุจ,ููุจูููู,ูุฑูู, ...]","[ุฏ,#ููู_ุฑุงูู_ูู_ุงูุดุนุจ_ุงูุฌุฒุงูุฑู,ุดุนุจ,ููุจูู,ูุฑูู, ...]","[PRON,HASH,NOUN,ADJ,ADJ, ...]"
"2","A","[ุฏุงุจุง,ููุนููู,ุงู,ุญูุงู,ูุงุบูุงุชุด, ...]","[ุฏุงุจุง,ููุน+ู+ูู,ุงู,ุญูุงู,ูุง+ุบูุง+ุช+ุด, ...]","[ADV,V+PRON+PRON,PART,NOUN,PART+V+PRON+NEG_PART, ...]"
"5","B","[@fatimabagossa,ุฏุงุจุง,ููู,ูุบุณู,ุงูููุงุนู, ...]","[@fatimabagossa,ุฏุงุจุง,ููู,ูุบุณู,ุงู+ููุงุนู, ...]","[MENTION,ADV,NOUN,V,DET+NOUN, ...]"
"1","B","[ุฏุจุง,ุงููุฒุจุฑ,ู,ุงููุนุฏููุณ,ุฏููุง, ...]","[ุฏุจุง,ุงู+ูุฒุจุฑ,ู,ุงู+ูุนุฏููุณ,ุฏููุง, ...]","[ADV,DET+NOUN,CONJ,DET+NOUN,ADV, ...]"
"3","B","[@ShahraaZed,ุฏุจุง,ูุงุฏ,ุดู,ุงูู, ...]","[@ShahraaZed,ุฏุจุง,ูุงุฏ,ุดู,ุงูู, ...]","[MENTION,ADV,PRON,NOUN,PART, ...]"
"5","A","[@Douzi_Official,ุฏูุฒู,ูุงุด,ูุฐู,ุงููุฒุฑุนุฉ, ...]","[@Douzi_Official,ุฏูุฒ+ู,ูุงุด,ูุฐู,ุงู+ูุฒุฑุน+ุฉ, ...]","[MENTION,V+PRON,PART,PART,DET+NOUN+NSUFF, ...]"
"3","B","[ุฏูู,ุงูุณุฑูุณุฑุฉ,ุฏูุงู,ุขุฎุฑ,ููุงุฑ, ...]","[ุฏูู,ุงู+ุณุฑูุณุฑ+ุฉ,ุฏูุงู,ุขุฎุฑ,ููุงุฑ, ...]","[PRON,DET+NOUN+NSUFF,PREP,NOUN,NOUN, ...]"
"1","A","[#ุฐูุฑูุงุชูุง_ูุน_ุณูููุฉ,ุฃูุซุฑ,ุญุงุฌุฉ,ุฏุงููุง,ูุชููุฑูุง, ...]","[#ุฐูุฑูุงุชูุง_ูุน_ุณูููุฉ,ุฃูุซุฑ,ุญุงุฌ+ุฉ,ุฏุงููุง,ูุชููุฑ+ูุง, ...]","[HASH,ADJ,NOUN+NSUFF,ADV,V+PRON, ...]"
"1","B","[ุฑุงุฆุนุฉ,ุจุงูููุงุก,ุญุงูุธุช,ุนูู,ุงูุนูููุฉ, ...]","[ุฑุงุฆุน+ุฉ,ุจ+ุงู+ููุงุก,ุญุงูุธ+ุช,ุนูู,ุงู+ุนููู+ุฉ, ...]","[ADJ+NSUFF,PREP+DET+NOUN,V+PRON,PREP,DET+NOUN+NSUFF, ...]"
"5","B","[ุฑุงุฌุน,ุฅู,ุดุงุก,ุงููู,ููุฏ, ...]","[ุฑุงุฌุน,ุฅู,ุดุงุก,ุงููู,ููุฏ, ...]","[NOUN,PART,V,NOUN,NOUN, ...]"
"1","B","[ุฑุงูุงููู,ูููู,ู,ูุนุงูุฏ,ุนููููู, ...]","[ุฑุงูุงููู,ูููู,ู,ูุนุงูุฏ,ุนูููู+ู, ...]","[NOUN,V,CONJ,V,NOUN+PRON, ...]"
"1","A","[@joujoigmail_com,@ABissan777,@tina_younes,@souhilabintarab,ุฑุงูู, ...]","[@joujoigmail_com,@ABissan777,@tina_younes,@souhilabintarab,ุฑุง+ูู, ...]","[MENTION,MENTION,MENTION,MENTION,PART+PRON, ...]"
"4","A","[@souhilabintarab,ุฑุงูู,ุฑุงูุญุฉ,ูุฑูุฏ,ุนูุช, ...]","[@souhilabintarab,ุฑุง+ูู,ุฑุงูุญ+ุฉ,ูุฑูุฏ,ุนู+ุช, ...]","[MENTION,PART+PRON,ADJ+NSUFF,V,V+PRON, ...]"
"5","A","[@mariemmima1,ุฑุงูู,ููุง,ุญุจูุจุชู,ูุงููู, ...]","[@mariemmima1,ุฑุง+ูู,ููุง,ุญุจูุจ+ุช+ู,ู+ุงููู, ...]","[MENTION,PART+PRON,ADV,NOUN+NSUFF+PRON,CONJ+NOUN, ...]"
"1","B","[@Hrithikmyhero,@DZloubnaDZ,ุฑุงู,ุญุชู,ูู, ...]","[@Hrithikmyhero,@DZloubnaDZ,ุฑุง+ู,ุญุชู,ูู, ...]","[MENTION,MENTION,PART+PRON,PART,PRON, ...]"
"3","A","[@noumidya19,@ImaneIm74789130,@zazanaza1,@1xmen1,ุฑุงู, ...]","[@noumidya19,@ImaneIm74789130,@zazanaza1,@1xmen1,ุฑุง+ู, ...]","[MENTION,MENTION,MENTION,MENTION,PART+PRON, ...]"
"3","B","[#IhabAmir,#HananeElKhader,ุฑุงู,ููุฒุทูู,ุนูู, ...]","[#IhabAmir,#HananeElKhader,ุฑุง+ู,ู+ูุฒุทู+ู,ุนูู, ...]","[HASH,HASH,PART+PRON,CONJ+V+PRON,PREP, ...]"
"4","B","[@DalinBz,ุฑุจู,ูุนูุดู,ุญูููุชู,ู, ...]","[@DalinBz,ุฑุจ+ู,ูุนูุด+ู,ุญููู+ุช+ู,ู, ...]","[MENTION,NOUN+NSUFF,V+PRON,NOUN+NSUFF+PRON,CONJ, ...]"
"1","A","[@faridarguiba,ุฑุจู,ููููู,ูุง,ุฒููุฉ, ...]","[@faridarguiba,ุฑุจ+ู,ูููู+ู,ูุง,ุฒูู+ุฉ, ...]","[MENTION,NOUN+NSUFF,V+PRON,PART,ADJ+NSUFF, ...]"
"4","A","[#Ihabamir,#SouhilaBenLachhab,#ุฑุดู_ุงููุฑุฏ_ุงููุงุจ_ุญูููุฑ_ุงูุจูุฏ,ุงูุฌูุงุนุฉ,ูู, ...]","[#Ihabamir,#SouhilaBenLachhab,#ุฑุดู_ุงููุฑุฏ_ุงููุงุจ_ุญูููุฑ_ุงูุจูุฏ,ุงู+ุฌูุงุน+ุฉ,ูู, ...]","[HASH,HASH,HASH,DET+ADJ+NSUFF,PART, ...]"
"4","B","[@rikiamagha,ุฑููุฉ,ุฎุชู,ุนุงูุงู,ูููู, ...]","[@rikiamagha,ุฑููุฉ,ุฎุช+ู,ุนุงูุง+ู,ููู+ู, ...]","[MENTION,NOUN,NOUN+PRON,V+PRON,V+PRON, ...]"
"3","A","[ุฒูุงุฏู,ุนูู,ูุฏูู,ุงููุจูุงููุฉ,ุนูุงุด, ...]","[ุฒูุงุฏ+ู,ุนูู,ูุฏู+ู,ุงู+ูุจูุงูู+ุฉ,ุนูุงุด, ...]","[NOUN+NSUFF,PREP,PART+PRON,DET+NOUN+NSUFF,PART, ...]"
"2","A","[ุณุงูู,ุนูุฏูุง,ุณุงุนุฉ,ููุฐ,ูุชุญุฉ, ...]","[ุณุงูู,ุนูุฏ+ูุง,ุณุงุน+ุฉ,ููุฐ,ูุชุญ+ุฉ, ...]","[NOUN,NOUN+PRON,NOUN+NSUFF,PREP,NOUN+NSUFF, ...]"
"5","B","[ุณุนุฏ,:,ููุชููู,ูู,ุงุนูุงู, ...]","[ุณุนุฏ,:,ู+ูุชููู,ูู,ุงุนูุงู, ...]","[NOUN,PUNC,CONJ+V,PREP,NOUN, ...]"
"2","B","[@__Kawtar,ุณุนุฏูุฉ,ุฎุงุตูุง,ุชุงุฎุฏ,8, ...]","[@__Kawtar,ุณุนุฏู+ุฉ,ุฎุงุต+ูุง,ุชุงุฎุฏ,8, ...]","[MENTION,NOUN+NSUFF,V+PRON,V,NUM, ...]"
"3","B","[#HananeElKhader,ุณูุฑุชู,ุชูุญุดุงุช,ูุงููุง,ุจุตุฑุงุญุฉ, ...]","[#HananeElKhader,ุณูุฑ+ุชู,ุชูุญุด+ุงุช,ูุงู+ูุง,ุจ+ุตุฑุงุญ+ุฉ, ...]","[HASH,V+PRON,V+PRON,NOUN+PRON,PREP+NOUN+NSUFF, ...]"
"5","B","[@SalwaAnlouff,ุณููู,ุฑุงูู,ูููุฑู,., ...]","[@SalwaAnlouff,ุณููู,ุฑุง+ูู,ูููุฑ+ู,., ...]","[MENTION,NOUN,PART+PRON,ADJ+NSUFF,PUNC, ...]"
"1","B","[ุณูุญูููุง,ูููู,ุถุฑูู,ุฎุงุทุฑู,ุจุฒุงู, ...]","[ุณูุญ+ู+ู+ูุง,ู+ููู,ุถุฑ+ูู,ุฎุงุทุฑ+ู,ุจุฒุงู, ...]","[V+PRON+PREP+PRON,CONJ+PART,V+PRON,NOUN+PRON,ADV, ...]"
"2","B","[@M_5waJa,ุณูุนุช,ุงููุง,ูุงููุฉ,ุนุงููุฉ, ...]","[@M_5waJa,ุณูุน+ุช,ุงู+ูุง,ูุงูู+ุฉ,ุนุงูู+ุฉ, ...]","[MENTION,V+PRON,PART+PRON,ADJ+NSUFF,ADJ+NSUFF, ...]"
"1","A","[@katty_kokita,@123mondial,@jjalil19,ุณูุนุช,ูุงููุฉ, ...]","[@katty_kokita,@123mondial,@jjalil19,ุณูุน+ุช,ูุงูู+ุฉ, ...]","[MENTION,MENTION,MENTION,V+PRON,ADJ+NSUFF, ...]"
"1","A","[#ููุงุณูููุงุช_ุงูุงุจุชุฏุงุฆู,ุณููุฑ,(,ุงููุณูู,ุฏูุงู, ...]","[#ููุงุณูููุงุช_ุงูุงุจุชุฏุงุฆู,ุณููุฑ,(,ุงู+ูุณูู,ุฏูุงู, ...]","[HASH,NOUN,PUNC,DET+NOUN,PREP, ...]"
"2","B","[ุณูุฉ,ููุงุญูุฉ,ุชูุจุฃ,ุจูุงุฑุซุฉ,ุ, ...]","[ุณู+ุฉ,ููุงุญู+ุฉ,ุชูุจุฃ,ุจ+ูุงุฑุซ+ุฉ,ุ, ...]","[NOUN+NSUFF,ADJ+NSUFF,V,PREP+NOUN+NSUFF,PUNC, ...]"
"3","B","[ุณูููุฉ,ุชุนุฑูููู,ูููุณู,ูุงุญุฏ,ููุง, ...]","[ุณููู+ุฉ,ุชุนุฑู+ู+ูู,ูููุณ+ู,ูุงุญุฏ,ููุง, ...]","[NOUN+NSUFF,V+PRON+PRON,V+PRON,NOUN,ADV, ...]"
"1","A","[@souhilabintarab,๐,๐,๐,๐, ...]","[@souhilabintarab,๐,๐,๐,๐, ...]","[MENTION,EMOT,EMOT,EMOT,EMOT, ...]"
"3","B","[@souhilabintarab,#souhailabenlachhab,ุณูููุฉ,ูุงุชุฎุณุฑูุด,ุฃุบูุจูุฉ, ...]","[@souhilabintarab,#souhailabenlachhab,ุณููู+ุฉ,ูุง+ุชุฎุณุฑ+ู+ุด,ุฃุบูุจู+ุฉ, ...]","[MENTION,HASH,NOUN+NSUFF,PART+V+PRON+NEG_PART,NOUN+NSUFF, ...]"
"1","A","[ุณูููู,ุงูู,ุฑุฌุนุช,ุงู,ุงูุงุฏููู, ...]","[ุณููู+ู,ุงูู,ุฑุฌุน+ุช,ุงู,ุงูุงุฏููู, ...]","[NOUN+NSUFF,PART,V+PRON,DET,NOUN, ...]"
"4","A","[@IkrameAlger,ุณูููู,ูุฌุญุช,ุจููุง,ุงุญูุง, ...]","[@IkrameAlger,ุณููู+ู,ูุฌุญ+ุช,ุจูู+ุง,ุงุญูุง, ...]","[MENTION,NOUN+NSUFF,V+PRON,NOUN+PRON,PRON, ...]"
"4","A","[ุณูุณู,ุงูุง,ูุฏุนู,ุจูู,ุงููุณุฑููุงุช, ...]","[ุณูุณู,ุงูุง,ูุฏุน+ู,ุจูู,ุงู+ูุณุฑูู+ุงุช, ...]","[NOUN,PRON,V+PRON,ADV,DET+NOUN+NSUFF, ...]"
"2","A","[ุณูุณู,ุตุจุงุญ,ุงูููุฑ,ูุงุด,ูุถุชู, ...]","[ุณูุณู,ุตุจุงุญ,ุงู+ููุฑ,ูุงุด,ูุถ+ุชู, ...]","[NOUN,NOUN,DET+NOUN,PART,V+PRON, ...]"
"1","A","[ุณููุง,ุทูุจุงุชู,ุงูุงูุฑ,ู,ูุงูู, ...]","[ุณููุง,ุทูุจ+ุงุช+ู,ุงูุงูุฑ,ู,ูุงูู, ...]","[NOUN,NOUN+NSUFF+PRON,NOUN,CONJ,PART, ...]"
"2","A","[#ุณููุงุจููู_ูุน_ุณูููู_ูุงููุงุจ_ููุนุงูููู,ุจูุง,ูุงุชุณุงูููู,ุนูููุง,ุฑุงู, ...]","[#ุณููุงุจููู_ูุน_ุณูููู_ูุงููุงุจ_ููุนุงูููู,ุจ+ูุง,ูุง+ุชุณุงู+ู+ู+ู,ุนูู+ูุง,ุฑุง+ู, ...]","[HASH,PREP+PART,PART+V+PRON+PREP+PRON,PREP+PRON,PART+PRON, ...]"
"2","A","[#ููุงุณูููุงุช_ุงูุงุจุชุฏุงุฆู,ุดุญุงู,ูู,ุญูุงุฑ,ุฒูููุงูู, ...]","[#ููุงุณูููุงุช_ุงูุงุจุชุฏุงุฆู,ุดุญุงู,ูู,ุญูุงุฑ,ุฒูู+ูุง+ู+ู, ...]","[HASH,PART,PREP,NOUN,V+PRON+PREP+PRON, ...]"
"2","A","[800,:,ุดุนุฑู,ูููุช,ุงุจุชุณุงูุชู, ...]","[800,:,ุดุนุฑ+ู,ูููุช,ุงุจุชุณุงู+ุช+ู, ...]","[NUM,PUNC,NOUN+PRON,ADJ,NOUN+NSUFF+PRON, ...]"
"3","B","[@MayssounHilal,@biaworld_,@lebanonidol,ุดูุฑุง,ุจุฒุงู, ...]","[@MayssounHilal,@biaworld_,@lebanonidol,ุดูุฑ+ุง,ุจุฒุงู, ...]","[MENTION,MENTION,MENTION,NOUN+CASE,ADV, ...]"
"2","A","[@MneedaMohamad,@souhilabintarab,ุดูุฑุง,ุจุฒุงู,ูุง, ...]","[@MneedaMohamad,@souhilabintarab,ุดูุฑ+ุง,ุจุฒุงู,ูุง, ...]","[MENTION,MENTION,NOUN+CASE,ADV,PART, ...]"
"3","A","[ุดูุฑุง,ูููุงุฏ,ูุจูุงุฏู,ุฌุจุชู,ุงูุนุฒ, ...]","[ุดูุฑ+ุง,ู+ููุงุฏ,ู+ุจูุงุฏ+ู,ุฌุจ+ุชู,ุงู+ุนุฒ, ...]","[NOUN+CASE,DET+NOUN,PREP+NOUN+PRON,V+PRON,DET+NOUN, ...]"
"5","A","[#StaracArabia,#SouhilaBenLachhab,ุดููู,ุนูุฏู,ุงููุฏุฑุฉ, ...]","[#StaracArabia,#SouhilaBenLachhab,ุดููู,ุนูุฏ+ู,ุงู+ูุฏุฑ+ุฉ, ...]","[HASH,HASH,PART,NOUN+PRON,DET+NOUN+NSUFF, ...]"
"4","A","[-,ุดููู,ููู,ุญุฒู,ูุงููุณู, ...]","[-,ุดููู,ู+ูู,ุญุฒู,ู+ุงู+ูุณู, ...]","[PUNC,PART,PREP+PART,V,PREP+DET+NOUN, ...]"
"5","A","[ุดุงุงุงุจ,ูู,ุงูุบูุฑุฉ,ูููู,ููุงุงุญุฏ, ...]","[ุดุงุงุงุจ,ูู,ุงู+ุบูุฑ+ุฉ,ูููู,ู+ูุงุงุญุฏ, ...]","[V,PREP,DET+NOUN+NSUFF,V,PREP+NOUN, ...]"
"3","A","[ุดููู,ูู,ุงูุขุฎุฑ,ููู,ุจุงุฑุญ, ...]","[ุดูู+ู,ูู,ุงู+ุขุฎุฑ,ููู,ุจุงุฑุญ, ...]","[V+PRON,PREP,DET+NOUN,NUM,NOUN, ...]"
"5","B","[@souhilabintarab,ุดููู,ููุง,ูุฎูู,ูุงุด, ...]","[@souhilabintarab,ุดูู+ู,ู+ูุง,ูุฎูู,ูุงุด, ...]","[MENTION,V+PRON,PREP+PRON,NOUN,PART, ...]"
"5","B","[@AmNaAlgeriana,ุตุญ,ุญุชู,ุฃูุง,ูุชุงุจุน, ...]","[@AmNaAlgeriana,ุตุญ,ุญุชู,ุฃูุง,ูุชุงุจุน, ...]","[MENTION,NOUN,PART,PRON,V, ...]"
"3","A","[@IkhlasTanjawiya,@SweeetNouna,@ELZAHWANIA11,ุตุญ,ูุงููู, ...]","[@IkhlasTanjawiya,@SweeetNouna,@ELZAHWANIA11,ุตุญ,ู+ุงููู, ...]","[MENTION,MENTION,MENTION,NOUN,CONJ+NOUN, ...]"
"5","A","[#IhabAmir,ุตุฏุนุชููุง,ูุตููู,ูุตููู,ุจุงุด, ...]","[#IhabAmir,ุตุฏุน+ุชู+ูุง,ูุตู+ู+ู,ูุตู+ู+ู,ุจุงุด, ...]","[HASH,V+PRON+PRON,V+PRON+PRON,V+PRON+PRON,PART, ...]"
"5","B","[ุตุฑุช,ุงุชููู,ุงููู,ุงู,ุดู, ...]","[ุตุฑ+ุช,ุงุชููู,ุงููู,ุงู,ุดู, ...]","[V+PRON,V,V,NOUN,NOUN, ...]"
"1","B","[ุตูููุง,ุฑุงูู,ูุงุนุฑุฉ,ุจุฒุงู,ุฑุจู, ...]","[ุตูููุง,ุฑุง+ูู,ูุงุนุฑ+ุฉ,ุจุฒุงู,ุฑุจ+ู, ...]","[NOUN,PART+PRON,ADJ+NSUFF,ADV,NOUN+NSUFF, ...]"
"1","B","[ุทุงุญุชูู,ูููุฑููุทุฉ,ูุบูุฒ,ุชุงุนู,ูุน, ...]","[ุทุงุญ+ุช+ู+ู,ู+ููุฑููุท+ุฉ,ูุบูุฒ,ุชุงุน+ู,ูุน, ...]","[V+PRON+PREP+PRON,DET+NOUN+NSUFF,NOUN,PREP+PRON,CONJ, ...]"
"2","A","[ุทุจุงุดูุฑ,ุฃุฑุทุจ,ุฏูุงู,ูุฑุงูุณุง,#ููุงุณูููุงุช_ุงูุงุจุชุฏุงุฆู, ...]","[ุทุจุงุดูุฑ,ุฃุฑุทุจ,ุฏูุงู,ูุฑุงูุณุง,#ููุงุณูููุงุช_ุงูุงุจุชุฏุงุฆู, ...]","[NOUN,ADJ,PREP,NOUN,HASH, ...]"
"4","A","[ุทูุจ,ูุฑุญูุง,ูุญูุงู,ุจุฒุงู,ูููู, ...]","[ุทูุจ,ูุฑุญ+ูุง,ู+ุญูุงู,ุจุฒุงู,ู+ููู, ...]","[NOUN,V+PRON,PREP+NOUN,ADV,CONJ+PART, ...]"
"5","B","[ุนุฌุจุงุชูู,ูุงุฏ,ุงูุชุตููุฑุฉ,ูุงุนุฑูุชุด,ุนูุงุด, ...]","[ุนุฌุจ+ุงุช+ูู,ูุงุฏ,ุงู+ุชุตููุฑ+ุฉ,ูุง+ุนุฑู+ุช+ุด,ุนูุงุด, ...]","[V+PRON+PRON,PRON,DET+NOUN+NSUFF,PART+V+PRON+NEG_PART,PART, ...]"
"3","A","[ุนูุงุด,ุงูููู,ุณูุฆ,ููุง,ุ, ...]","[ุนูุงุด,ุงู+ููู,ุณูุฆ,ููุง,ุ, ...]","[PART,DET+NOUN,ADJ,PART,PUNC, ...]"
"1","B","[ุนูุงุด,ูุซูุง,ุงููุบุฑุจ,ูุง,ูุดุฑููุด, ...]","[ุนูุงุด,ูุซู+ุง,ุงู+ูุบุฑุจ,ูุง,ูุดุฑู+ู+ุด, ...]","[PART,NOUN+CASE,DET+NOUN,PART,V+PRON+NEG_PART, ...]"
"2","A","[@Ihab_Amir,ุนูู,ุงูุฑุงุณ,ู,ุงูุนูู, ...]","[@Ihab_Amir,ุนูู,ุงู+ุฑุงุณ,ู,ุงู+ุนูู, ...]","[MENTION,PREP,DET+NOUN,CONJ,DET+NOUN, ...]"
"1","A","[ุบุฏูุฉ,17,ุฏูุณูุจุฑ,ูุญุงููุฉ,ุนูุฑุงุก, ...]","[ุบุฏู+ุฉ,17,ุฏูุณูุจุฑ,ูุญุงูู+ุฉ,ุนูุฑุงุก, ...]","[ADV+NSUFF,NUM,NOUN,NOUN+NSUFF,NOUN, ...]"
"3","B","[@maisr39,@IZinouna,ุบูุงุช,ูุบููุฉ,ุชุงุน, ...]","[@maisr39,@IZinouna,ุบู+ุงุช,ู+ุบูู+ุฉ,ุชุงุน, ...]","[MENTION,MENTION,V+PRON,DET+NOUN+NSUFF,PREP, ...]"
"2","B","[@fatimabagossa,ุบูุฑ,ูููู,ููุง,ุดููู, ...]","[@fatimabagossa,ุบูุฑ,ููู+ู,ู+ูุง,ุดููู, ...]","[MENTION,NOUN,V+PRON,PREP+PRON,PART, ...]"
"2","A","[ูุงุด,ูุชุณุงูู,ููุง,UHU,ุ, ...]","[ูุงุด,ู+ุชุณุงูู,ู+ูุง,UHU,ุ, ...]","[PART,PROG_PART+V,PREP+PRON,URL,PUNC, ...]"
"3","B","[ูุงูุณูุงุก,ูุงููุฉ,ุงูุฌูููุฉ,ุ,ููุงูุฃุฑุถ, ...]","[ู+ุงู+ุณูุงุก,ูุงูู+ุฉ,ุงู+ุฌู+ุฉ,ุ,ู+ู+ุงู+ุฃุฑุถ, ...]","[PREP+DET+NOUN,ADJ+NSUFF,DET+NOUN+NSUFF,PUNC,CONJ+PREP+DET+NOUN, ...]"
"3","B","[@IhabAmir18,ูุงูุฒ,ุงููุงุจ,ุงูุญูุฏ,ููู, ...]","[@IhabAmir18,ูุงูุฒ,ุงููุงุจ,ุงู+ุญูุฏ,ู+ุงููู, ...]","[MENTION,NOUN,NOUN,DET+NOUN,PREP+NOUN, ...]"
"3","B","[#StaracArabia,ูุงูุฒ,ุญูุงู,ูุณุจ,ุงูุงุจ, ...]","[#StaracArabia,ูุงูุฒ,ุญูุงู,ูุณุจ,ุงูุงุจ, ...]","[HASH,NOUN,NOUN,V,NOUN, ...]"
"2","B","[#SouhailaBenLachhab,ูุงูุฒ,ุณุงูู,ุดุจููู,ุฑุงูู, ...]","[#SouhailaBenLachhab,ูุงูุฒ,ุณุงูู,ุด+ุจู+ูู,ุฑุง+ูู, ...]","[HASH,NOUN,NOUN,PART+PREP+PRON,PART+PRON, ...]"
"3","B","[ูุงูุฒ,ุณูููุฉ,ุนูู,ูุฌู,ุฑุจู, ...]","[ูุงูุฒ,ุณููู+ุฉ,ุนูู,ูุฌู,ุฑุจ+ู, ...]","[NOUN,NOUN+NSUFF,PREP,NOUN,NOUN+PRON, ...]"
"3","B","[#SouhilaBenLachhab,#IhabAmir,ูุงูุฒ,ุณูููุฉ,ูุงุฒู, ...]","[#SouhilaBenLachhab,#IhabAmir,ูุงูุฒ,ุณููู+ุฉ,ูุงุฒู, ...]","[HASH,HASH,NOUN,NOUN+NSUFF,NOUN, ...]"
"5","A","[#ููุท_ูู_ุงููุบุฑุจ,ุฌูุฌ,ุฏูุงู,ุงููุงุฌููุงุช,ุจุญุฑูุฉ, ...]","[#ููุท_ูู_ุงููุบุฑุจ,ุฌูุฌ,ุฏูุงู,ุงู+ูุงุฌู+ุงุช,ุจุญุฑู+ุฉ, ...]","[HASH,NOUN,PREP,DET+NOUN+NSUFF,ADJ+NSUFF, ...]"
"1","A","[ููููุง,ูุฏูุฑู,ุดู,ุนูู,ุงู, ...]","[ููููุง,ูุฏูุฑ+ู,ุดู,ุนูู,ุงู, ...]","[PART,V+PRON,NOUN,NOUN,CONJ, ...]"
"3","B","[ูุงูู,ุชูุญูุฏ,ุดุนุจูู,ุนูู,ุขุณุงุณ, ...]","[ูุงู+ู,ุชูุญูุฏ,ุดุนุจ+ูู,ุนูู,ุขุณุงุณ, ...]","[V+PRON,NOUN,NOUN+NSUFF,PREP,NOUN, ...]"
"4","A","[ูุงูู,ุนูุงุด,ุญูุงู,ุชุถุญูุนูุงุด,ุชุดุทุญ, ...]","[ูุงู+ู,ุนูุงุด,ุญูุงู,ุชุถุญู+ุนูุงุด,ุชุดุทุญ, ...]","[V+PRON,PART,NOUN,V+PART,V, ...]"
"3","B","[@wWTTvEP2fV6y8nL,@MamaSara18,@Irramodz,ููุชููุง,ููุงุฏุง, ...]","[@wWTTvEP2fV6y8nL,@MamaSara18,@Irramodz,ูู+ุช+ู+ูุง,ู+ูุงุฏุง, ...]","[MENTION,MENTION,MENTION,V+PRON+PREP+PRON,PREP+PART, ...]"
"4","A","[@rachoudracha1,ูููุงูู,ูุฑูุถูู,ุชุงุน,ุงูุตุญ, ...]","[@rachoudracha1,ูู+ูุง+ู+ู,ูุฑูุถู+ู,ุชุงุน,ุงู+ุตุญ, ...]","[MENTION,V+PRON+PREP+PRON,V+PRON,PREP,DET+NOUN, ...]"
"2","B","[ูููููุง,ุจุฑู,ุจุงุด,ููููู,!, ...]","[ููู+ู+ูุง,ุจุฑู,ุจุงุด,ูููู+ู,!, ...]","[V+PRON+PRON,NOUN,PART,V+PRON,PUNC, ...]"
"5","A","[@lili_aniso,ูููู,ูุงุด,ุตุฑุง,ูุชูููููุงุด, ...]","[@lili_aniso,ููู+ู,ูุงุด,ุตุฑุง,ู+ุชููู+ู+ูุง+ุด, ...]","[MENTION,V+PRON,PART,V,PART+V+PRON+PRON+NEG_PART, ...]"
"3","A","[ูู,2006,ูุงูุช,ุบุงุฏุง,ูุฏุงูู, ...]","[ูู,2006,ูุงู+ุช,ุบุงุฏุง,ูุฏุงู+ู, ...]","[PREP,NUM,V+PRON,V,NOUN+PRON, ...]"
"3","A","[@Dana212Dana,@KamiliaOuazzani,@Kabour84,@dhs_r8,@LIbnouadda, ...]","[@Dana212Dana,@KamiliaOuazzani,@Kabour84,@dhs_r8,@LIbnouadda, ...]","[MENTION,MENTION,MENTION,MENTION,MENTION, ...]"
"4","B","[ูุงู,ุนูุฏูู,ุงูููุฏ,ุจุญุงู,ุงูุณุฑุงู, ...]","[ูุงู,ุนูุฏ+ูู,ุงู+ููุฏ,ุจ+ุญุงู,ุงู+ุณุฑุงู, ...]","[V,NOUN+PRON,DET+NOUN,PREP+NOUN,DET+NOUN, ...]"
"2","B","[ูุงูุชูุงุฑุถู,ูุงููููุง,ุฏูุงู,ุงููุงุฑู,ูุทุจูุฉ, ...]","[ูุง+ูุชูุงุฑุถ+ู,ู+ุงู+ูููุง,ุฏูุงู,ุงู+ูุงุฑู,ู+ุทุจู+ุฉ, ...]","[PROG_PART+V+PRON,PREP+DET+NOUN,PREP,DET+NOUN,PREP+NOUN+NSUFF, ...]"
"4","B","[ูุงูู,ุดู,ูุตุฑูู,ุนุงุฏู,ุงุณุจู, ...]","[ูุงูู,ุดู,ูุตุฑ+ูู,ุนุงุฏู,ุงุณุจ+ู, ...]","[ADJ,NOUN,NOUN+NSUFF,NOUN,V+PRON, ...]"
"4","A","[@Meriem_hamidi,ูุงููุฉ,ุงููุบุงุฑุจูุฉ,ุงููู,ุฑุงูู, ...]","[@Meriem_hamidi,ูุงูู+ุฉ,ุงู+ูุบุงุฑุจู+ุฉ,ุงููู,ุฑุง+ูู, ...]","[MENTION,ADJ+NSUFF,DET+NOUN+NSUFF,PART,PART+PRON, ...]"
"4","B","[@chorita12,@elkaberah,@HasamiBouchra,ูุงููุฉ,ูู, ...]","[@chorita12,@elkaberah,@HasamiBouchra,ูุงูู+ุฉ,ูู, ...]","[MENTION,MENTION,MENTION,ADJ+NSUFF,PART, ...]"
"3","A","[@shahad_alkuwait,ูุงููุฉ,ููุต,ู,ุงุฐุง, ...]","[@shahad_alkuwait,ูุงูู+ุฉ,ู+ูุต,ู,ุงุฐุง, ...]","[MENTION,V+PRON,CONJ+NOUN,CONJ,PART, ...]"
"2","B","[#ููุงุณูููุงุช_ุงูุงุจุชุฏุงุฆู,ูุงูููุฏู,ุงูุงุณุชุงุฏ,ูุณุจูุฑุฉ,ุจุงุด, ...]","[#ููุงุณูููุงุช_ุงูุงุจุชุฏุงุฆู,ูุง+ูููุฏ+ู,ุงู+ุงุณุชุงุฏ,ู+ุณุจูุฑ+ุฉ,ุจุงุด, ...]","[HASH,PROG_PART+V+PRON,DET+NOUN,PREP+NOUN+NSUFF,PART, ...]"
"1","A","[ูุจุฑูุง,ุนูููู,ุดููุง,ู,ููููุง, ...]","[ูุจุฑ+ูุง,ุนูู+ูู,ุดูู+ุง,ู,ููู+ูุง, ...]","[V+PRON,NOUN+PRON,NOUN+NSUFF,CONJ,V+PRON, ...]"
"2","B","[ูู,ุดูู,ุตูุช,ุงุฎุชุฑ,ูุน, ...]","[ูู,ุดูู,ุตูุช,ุงุฎุชุฑ,ูุน, ...]","[NOUN,NOUN,V,V,CONJ, ...]"
"1","B","[ูู,ุดู,ูุณูุชูู,ูุณูุชู,ุงูุจูุง, ...]","[ูู,ุดู,ูุณูุช+ู+ู,ูุณูุช+ู,ุงู+ุจูุง, ...]","[NOUN,NOUN,V+PRON+PRON,V+PRON,DET+NOUN, ...]"
"5","A","[@souhilabintarab,ูู,ุนุงู,ุณููุง,ู, ...]","[@souhilabintarab,ูู,ุนุงู,ุณููุง,ู, ...]","[MENTION,NOUN,NOUN,NOUN,CONJ, ...]"
"5","A","[#souhailabenlachab,#IhabAmir,#HananeElKhader,ูู,ูุงูุฒููุงุฏูุง, ...]","[#souhailabenlachab,#IhabAmir,#HananeElKhader,ูู,ูุงูุฒ+ููุงุฏ+ูุง, ...]","[HASH,HASH,HASH,NOUN,NOUN+NOUN+PRON, ...]"
"5","A","[ูุงูู,ุงูุงุจ,ุนูุงุด,ุจุงู,ุฒุนูุงู, ...]","[ูุงู+ู,ุงูุงุจ,ุนูุงุด,ุจุงู,ุฒุนูุงู, ...]","[V+PRON,NOUN,PART,V,ADJ, ...]"
"2","B","[#ููุงุณูููุงุช_ุงูุงุจุชุฏุงุฆู,ูู,ูุงุญุฏ,ูุฌูุจ,ุงููุต, ...]","[#ููุงุณูููุงุช_ุงูุงุจุชุฏุงุฆู,ูู,ูุงุญุฏ,ูุฌูุจ,ุงู+ูุต, ...]","[HASH,NOUN,NOUN,V,DET+NOUN, ...]"
"2","B","[ููุดู,ูุชูุงุนู,ููุตู,ูุงุชู,ูุงููุง, ...]","[ููุดู,ูุชูุงุนู,ููุตู,ูุงุชู,ู+ุงู+ูุง, ...]","[NOUN,V,V,NOUN,CONJ+NOUN+PRON, ...]"
"4","B","[@JomanaDz,ูููู,ูููููู,ู,ูุชููุง, ...]","[@JomanaDz,ูู+ูู,ููู+ููู,ู,ูุชููุง, ...]","[MENTION,NOUN+PRON,PART+PART,CONJ,PRON, ...]"
"1","A","[#IhabAmir,ูุง,ููุฏ,ุจูุงุฏู,ุฑุงู, ...]","[#IhabAmir,ูุง,ููุฏ,ุจูุงุฏ+ู,ุฑุง+ู, ...]","[HASH,PART,NOUN,NOUN+PRON,PART+PRON, ...]"
"3","A","[#StaracArabia,ููุชุฑูู,ุจููุฒ,ุญุท,ุนูู, ...]","[#StaracArabia,ููุชุฑูู,ุจููุฒ,ุญุท,ุนูู, ...]","[HASH,NOUN,NOUN,V,PREP, ...]"
"2","B","[ููุชุฑููุญ,ุญูุฏ,ุนุจููุง,ูุงุฏ,ุฅุฎุงุงู, ...]","[ู+ูุชุฑููุญ,ุญูุฏ,ุนุจู+ูุง,ูุงุฏ,ุฅุฎุงุงู, ...]","[PROG_PART+V,V,V+PRON,PRON,NOUN, ...]"
"1","A","[ููุฒุงูููู,ูุงุฑูุช,ู,ุงูุชู,ุชูุดุฑู, ...]","[ููุฒุงูู+ูู,ูุง+ุฑูุช,ู,ุงูุชู,ุชูุดุฑ+ู, ...]","[NOUN+NSUFF,PART+NOUN,CONJ,PRON,V+PRON, ...]"
"1","A","[ููุฒุฉ,ุนุฑูุช,ุจุซูุงูุฉ,ุจูุงุฏูุง,ูู, ...]","[ููุฒ+ุฉ,ุนุฑู+ุช,ุจ+ุซูุงู+ุฉ,ุจูุงุฏ+ูุง,ูู, ...]","[NOUN+NSUFF,V+PRON,PREP+NOUN+NSUFF,NOUN+PRON,PREP, ...]"
"5","A","[ูู,ูุงูู,ูู,ุจุฑุงูู,ุณุงูู, ...]","[ูู,ูุงู+ู,ูู,ุจุฑุงูู,ุณุงูู, ...]","[PART,V+PRON,PREP,NOUN,NOUN, ...]"
"4","B","[@IbtissamTiskat,#IbtissamTiskat,#ูู_ููุชู_ูู_ููุชู_ูุน_ุงุจุชุณุงู,ููู,ุฎุงูุชู, ...]","[@IbtissamTiskat,#IbtissamTiskat,#ูู_ููุชู_ูู_ููุชู_ูุน_ุงุจุชุณุงู,ููู,ุฎุงู+ุช+ู, ...]","[MENTION,HASH,HASH,EMOT,NOUN+NSUFF+PRON, ...]"
"5","B","[@SalimaZaio,@reema32283529,@Googoo11Ana,@shamssoalassil3,ูููุง, ...]","[@SalimaZaio,@reema32283529,@Googoo11Ana,@shamssoalassil3,ูููุง, ...]","[MENTION,MENTION,MENTION,MENTION,ADV, ...]"
"4","A","[#SouhilaBenLachhab,ูููุง,ูุฏุฑุช,ุงูุณู,ุนูุณู, ...]","[#SouhilaBenLachhab,ูููุง,ูุฏุฑ+ุช,ุงู+ุณู,ุนูุณู, ...]","[HASH,ADV,V+PRON,DET+NOUN,NOUN, ...]"
"3","A","[ู,ูุฒูุฏ,ูุฌู,ููุง,ูุงุญุฏ, ...]","[ู,ูุฒูุฏ,ูุฌู,ู+ูุง,ูุงุญุฏ, ...]","[PART,V,V,PREP+PRON,NOUN, ...]"
"2","A","[@souhilabintarab,@souhilabintarab,ูุง,ุฑุงูู,ุฏูุฑู, ...]","[@souhilabintarab,@souhilabintarab,ูุง,ุฑุง+ูู,ุฏูุฑ+ู, ...]","[MENTION,MENTION,PART,PART+PRON,V+PRON, ...]"
"5","A","[@reham1982susah,ูุง,ููู,ูุตู,ุนุฏู, ...]","[@reham1982susah,ูุง,ููู,ูุต+ู,ุนุฏ+ู, ...]","[MENTION,PART,V,NOUN+NSUFF,V+PRON, ...]"
"5","A","[@missfatiha678,ูุง,ูููู,ุญูุฑูุฉ,ุงูู, ...]","[@missfatiha678,ูุง,ููู+ู,ุญูุฑู+ุฉ,ุงูู, ...]","[MENTION,PART,V+PRON,NOUN+NSUFF,NOUN, ...]"
"2","A","[ุงูุจูุงุช,ุจููุฒ,ุดููู,ุนูุฏูุง,ุญุณุงุจ, ...]","[ุงู+ุจู+ุงุช,ุจููุฒ,ุดููู,ุนูุฏ+ูุง,ุญุณุงุจ, ...]","[DET+NOUN+NSUFF,NOUN,PART,NOUN+PRON,NOUN, ...]"
"1","B","[#SouhilaBenlachhab,ูุงููุงุช,ููุงู,ุนูุฏ,ุณูููู, ...]","[#SouhilaBenlachhab,ูุงูู+ุงุช,ููุงู,ุนูุฏ,ุณููู+ู, ...]","[HASH,NOUN+NSUFF,ADJ,NOUN,NOUN+NSUFF, ...]"
"2","B","[ููุทุฉ,ุงููุงุชุด,ููู,ุชุณุฌูุงุช,ุงูููุตูุฉ, ...]","[ููุท+ุฉ,ุงู+ูุงุชุด,ููู,ุชุณุฌู+ุงุช,ุงู+ููุตู+ุฉ, ...]","[NOUN+NSUFF,DET+NOUN,NOUN,V+PRON,DET+NOUN+NSUFF, ...]"
"3","A","[@WALID_SALI,ููุฃุณู,ุงูุชููุง,ุจุชุตุฑูุญุงุชูู,ุงูุบูุฑ, ...]","[@WALID_SALI,ู+ุงู+ุฃุณู,ุงูุชููุง,ุจ+ุชุตุฑูุญ+ุงุช+ูู,ุงู+ุบูุฑ, ...]","[MENTION,PREP+DET+NOUN,PRON,PREP+NOUN+NSUFF+PRON,DET+NOUN, ...]"
"2","A","[ูู,ุจุนุถ,ูุงุณ,ูุงุด,ูุจูุชู, ...]","[ูู,ุจุนุถ,ูุงุณ,ูุงุด,ูุจูุช+ู, ...]","[PART,NOUN,NOUN,PART,V+PRON, ...]"
"4","A","[ูู,ุฏุงูุฑุฉ,ูุงุฏ,ุชุตููุฑุฉ,ูุฑุญู, ...]","[ูู,ุฏุงูุฑ+ุฉ,ูุงุฏ,ุชุตููุฑ+ุฉ,ูุฑุญู, ...]","[PART,V+PRON,PRON,NOUN+NSUFF,V, ...]"
"2","A","[ูู,ูุงู,ุงูุงุจ,ูุงู,ุงูุง, ...]","[ูู,ูุงู,ุงูุงุจ,ูุงู,ุงูุง, ...]","[PART,V,NOUN,V,PRON, ...]"
"4","A","[ูู,ูุงู,ููุฏุฑ,ู,ูููู, ...]","[ูู,ูุงู,ููุฏุฑ,ู,ูููู, ...]","[PART,V,V,CONJ,V, ...]"
"2","A","[ูู,ููุจุบู,ุงููุงุจ,ุบุงุฏู,ูุฏุนูู, ...]","[ูู,ู+ูุจุบู,ุงููุงุจ,ุบุงุฏู,ูุฏุนู+ู, ...]","[PART,PROG_PART+V,NOUN,PART,V+PRON, ...]"
"3","B","[ูู,ููุจุบู,ุญูุงู,ูุฎุฏู,ูุนูุง, ...]","[ูู,ู+ูุจุบู,ุญูุงู,ูุฎุฏู,ูุน+ูุง, ...]","[PART,PROG_PART+V,NOUN,V,CONJ+PRON, ...]"
"2","B","[ููููููุจุฑ,ุจูุณุทุฑุฉ,ู,ุงูฺญููุงุช,ุฏูุงู, ...]","[ููููููุจุฑ,ุจ+ูุณุทุฑ+ุฉ,ู,ุงู+ููู+ุงุช,ุฏูุงู, ...]","[NOUN,PREP+NOUN+NSUFF,CONJ,DET+NOUN+NSUFF,PREP, ...]"
"5","A","[ููููุง,ุนูุฏู,ุชุดุฑูุญ,ุงูุงุณูุงู,., ...]","[ู+ูููุง,ุนูุฏ+ู,ุชุดุฑูุญ,ุงู+ุงุณูุงู,., ...]","[DET+NOUN,NOUN+PRON,NOUN,DET+NOUN,PUNC, ...]"
"3","B","[ูุง,ุชุจูุงูุด,ุชุญุทู,ุงูุตูุฑ,ูุฏุงู, ...]","[ูุง,ุชุจู+ุงู+ุด,ุชุญุท+ู,ุงู+ุตูุฑ,ูุฏุงู, ...]","[PART,V+PRON+NEG_PART,V+PRON,DET+NOUN,NOUN, ...]"
"4","B","[@ayaamna1,ูุง,ุชูููู,ูู,ุญุงุจ, ...]","[@ayaamna1,ูุง,ุชููู+ู,ูู,ุญุงุจ, ...]","[MENTION,PART,V+PRON,PART,V, ...]"
"2","A","[ูุง,ุฏุงุฑู,ูุง,ุญุงูุฉ,ูุง, ...]","[ูุง,ุฏุงุฑ+ู,ูุง,ุญุงู+ุฉ,ูุง, ...]","[PART,V+PRON,PART,NOUN+NSUFF,PART, ...]"
"5","B","[ูุง,ูููููุด,ููู,ูุง,ุชููููุด, ...]","[ูุง,ูููู+ู+ุด,ูู+ู,ูุง,ุชููู+ู+ุด, ...]","[PART,V+PRON+NEG_PART,PREP+PRON,PART,V+PRON+NEG_PART, ...]"
"3","B","[@91Grosminey,ูุงุฏุงุฑุด,ูุงูู,ุนุฌุงู,ูุฒุนู, ...]","[@91Grosminey,ูุง+ุฏุงุฑ+ุด,ูุงูู,ุน+ุฌุงู,ูุฒุนู, ...]","[MENTION,PART+V+NEG_PART,NOUN,PREP+NOUN,V, ...]"
"3","B","[@Rodolph_hilal,ุดูุฑุง,ุฑูุฏ,ูุงููุฏ,ุชุณุชุงูู, ...]","[@Rodolph_hilal,ุดูุฑ+ุง,ุฑูุฏ,ู+ุงููุฏ,ุชุณุชุงูู, ...]","[MENTION,NOUN+CASE,NOUN,CONJ+NOUN,V, ...]"
"5","A","[@KarimaIhab,@ihebhaso,@souhaila_ihab,ูุงูุณูุญูุด,ูุงูุฒ, ...]","[@KarimaIhab,@ihebhaso,@souhaila_ihab,ูุง+ูุณูุญ+ู+ุด,ูุงูุฒ, ...]","[MENTION,MENTION,MENTION,PART+V+PRON+NEG_PART,NOUN, ...]"
"2","A","[ูุจุบุงุชุด,ุชููู,ููุง,ุฃููุณ,ุฎุฑุฌ, ...]","[ู+ุจุบุง+ุช+ุด,ุชููู,ู+ูุง,ุฃููุณ,ุฎุฑุฌ, ...]","[PART+V+PRON+NEG_PART,V,PREP+PRON,NOUN,V, ...]"
"3","A","[ูุจูุงุด,ุจุฒุงู,ูููุตูู,ุตูุญุฉ,ุณููุง, ...]","[ู+ุจูุง+ุด,ุจุฒุงู,ู+ููุตู+ู,ุตูุญ+ุฉ,ุณููุง, ...]","[PART+V+NEG_PART,ADV,CONJ+V+PRON,NOUN+NSUFF,NOUN, ...]"
"5","A","[@MohamadBash,ูุญูุฏ,ุจุงุด,ุจููุฒ,ูููู, ...]","[@MohamadBash,ูุญูุฏ,ุจุงุด,ุจููุฒ,ูููู, ...]","[MENTION,NOUN,NOUN,NOUN,V, ...]"
"4","A","[ูุฏุงู,ูุงููุฉ,ูุนูุฉ,ุงูุฃูู,ูุญูุฏ, ...]","[ูุฏุงู,ูุงูู+ุฉ,ูุนู+ุฉ,ุงู+ุฃูู,ูุญูุฏ, ...]","[PART,ADJ+NSUFF,NOUN+NSUFF,DET+NOUN,V, ...]"
"3","A","[ูุบุฑุจูุฉ,ุฑุงูู,ุญุงุจุฉ,ูุชุฒูุฌ,ุจุญูุฒุฉ, ...]","[ูุบุฑุจู+ุฉ,ุฑุง+ูู,ุญุงุจ+ุฉ,ูุชุฒูุฌ,ุจ+ุญูุฒุฉ, ...]","[NOUN+NSUFF,PART+PRON,ADJ+NSUFF,V,PREP+NOUN, ...]"
"4","A","[#kenzaMorsli,ููุงูู,ุจูููู,ุงุญูุฏ,ุตูุงุญ, ...]","[#kenzaMorsli,ููุงู+ู,ุจ+ููู+ู,ุงุญูุฏ,ุตูุงุญ, ...]","[HASH,NOUN+PRON,V+PREP+PRON,NOUN,NOUN, ...]"
"3","B","[#ููุงุณูููุงุช_ุงูุงุจุชุฏุงุฆู,ููู,ุงูุงุณุชุงุฏ,ุชุงูุฌูุจ,ูุงุฏ, ...]","[#ููุงุณูููุงุช_ุงูุงุจุชุฏุงุฆู,ููู,ุงู+ุงุณุชุงุฏ,ุชุง+ูุฌูุจ,ูุงุฏ, ...]","[HASH,ADV,DET+NOUN,FUT_PART+V,PRON, ...]"
"1","A","[#ูููููุช_ุตุบูุฑ,ุจูุซุฑุช,ุงูุบูุฑุฉ,ูู,ุฎููุง, ...]","[#ูููููุช_ุตุบูุฑ,ุจ+ูุซุฑุช,ุงู+ุบูุฑ+ุฉ,ูู,ุฎู+ูุง, ...]","[HASH,PREP+NOUN,DET+NOUN+NSUFF,PREP,NOUN+PRON, ...]"
"3","A","[@claudefatia,ูููู,ูููู,ุงูุงุณุชุซูุงุก,ูุงุฏ, ...]","[@claudefatia,ูููู,ูููู,ุงู+ุงุณุชุซูุงุก,ูุงุฏ, ...]","[MENTION,ADV,V,DET+NOUN,PRON, ...]"
"5","B","[ูู,ุงูุงุฎุฑ,ูู,ุจุบู,ูุจูู, ...]","[ูู,ุงู+ุงุฎุฑ,ูู,ุจุบู,ูุจูู, ...]","[PREP,DET+NOUN,PART,V,V, ...]"
"2","B","[ูุงููู,ุญุชู,ูุถุงุฑุจุชูู,ุชูุญุดุชูุง,ุงูุงุจ, ...]","[ู+ุงููู,ุญุชู,ูุถุงุฑุจ+ุช+ูู,ุชูุญุด+ุช+ูุง,ุงูุงุจ, ...]","[CONJ+NOUN,PART,NOUN+NSUFF+PRON,V+PRON+PRON,NOUN, ...]"
"4","B","[#ูู_ุนุงุฏุงุช_ุญูุงู,ูููุฉ,ุญุจ,ููุงุฏ,ุงูุชุงู, ...]","[#ูู_ุนุงุฏุงุช_ุญูุงู,ููู+ุฉ,ุญุจ,ู+ูุงุฏ,ุงู+ุชุงู, ...]","[HASH,NOUN+NSUFF,NOUN,PREP+PRON,DET+NOUN, ...]"
"5","B","[ูู,ูุงูุซู,ูู,ุจุฑุดูููู,ูุนููู, ...]","[ูู,ูุง+ูุซู,ูู,ุจุฑุดููู+ู,ู+ุนูู+ู, ...]","[PART,PART+V,PREP,NOUN+NSUFF,CONJ+PREP+PRON, ...]"
"1","B","[ูููููุด,ููู,ูุงุชูููู,ููุง,ุจุฒุงู, ...]","[ู+ูููู+ุด,ูู+ู,ูุง+ุชููู+ู,ู+ูุง,ุจุฒุงู, ...]","[PART+V+NEG_PART,PREP+PRON,PART+V+PRON,PREP+PRON,ADV, ...]"
"4","B","[@Jwahar97,ูููููุด,ููู,ูุชููู,ููุง, ...]","[@Jwahar97,ู+ูููู+ุด,ูู+ู,ู+ุชูู+ู,ู+ูุง, ...]","[MENTION,PART+V+NEG_PART,PREP+PRON,PART+V+PRON,PREP+PRON, ...]"
"5","A","[#ููุงุณูููุงุช_ุงูุงุจุชุฏุงุฆู,ูููู,ูุงุชุจุบู,ุชุตุงุญุจ,ูุน, ...]","[#ููุงุณูููุงุช_ุงูุงุจุชุฏุงุฆู,ูููู,ูุง+ุชุจุบู,ุชุตุงุญุจ,ูุน, ...]","[HASH,PART,PROG_PART+V,V,CONJ, ...]"
"5","B","[#ููุฏุงูููุง,ูุฎู,ููุง,ูุญุถูู,ุงุญุฏ, ...]","[#ููุฏุงูููุง,ูุฎู,ููุง,ูุญุถู+ู,ุงุญุฏ, ...]","[HASH,PART,PART,V+PRON,NOUN, ...]"
"5","B","[#TheVoiceKids,ููุฑุงู,ุบุงุฏู,ู,ุบูู, ...]","[#TheVoiceKids,ููุฑุงู,ุบุงุฏู,ู,ุบูู, ...]","[HASH,NOUN,PART,CONJ,V, ...]"
"1","B","[ุดุนุจ,ุฑุงุณู,ูุงุณู,ูุญุจ,ุฑุฃูู, ...]","[ุดุนุจ,ุฑุงุณ+ู,ูุงุณู,ูุญุจ,ุฑุฃู+ู, ...]","[NOUN,NOUN+PRON,ADJ,V,NOUN+PRON, ...]"
"1","B","[ูุชููุง,ูุงุด,ููุชุนุงุฑููุด,ุชุดุฌุนูุง,ุจูุงุฏู, ...]","[ูุชููุง,ูุงุด,ู+ู+ุชุนุงุฑู+ู+ุด,ุชุดุฌุน+ูุง,ุจูุงุฏู, ...]","[PRON,PART,PART+PROG_PART+V+PRON+NEG_PART,V+PRON,NOUN, ...]"
"4","A","[@souhilabintarab,ูุญุจูู,ู,ูุนุดููู,ุจูุจุงูู, ...]","[@souhilabintarab,ูุญุจ+ู+ู,ู,ูุนุดู+ู+ู,ุจ+ูุจุงู+ู, ...]","[MENTION,V+PRON+PRON,CONJ,V+PRON+PRON,PREP+NOUN+PRON, ...]"
"4","A","[ูุญู,ุบุฑูุจ,ูุนูุง,ุฎุงูุชู,ูุตุญุงุจู, ...]","[ูุญู,ุบุฑูุจ,ูุน+ูุง,ุฎุงู+ุชู,ู+ุตุญุงุจ+ู, ...]","[PRON,NOUN,CONJ+PRON,NOUN+PRON,CONJ+NOUN+PRON, ...]"
"4","B","[ูุฏูุฑ,ูุงุจุบูุช,ู,ุงููุฏุฑู,ุนูููุช, ...]","[ูุฏูุฑ,ูุง+ุจุบู+ุช,ู,ุงู+ูุฏุฑ+ู,ุนููู+ุช, ...]","[V,PART+V+PRON,PREP,DET+NOUN+NSUFF,V+PRON, ...]"
"4","A","[#SocialMediaNight,#NassimRaissi,ูุณูู,ูุง,ููุถูู, ...]","[#SocialMediaNight,#NassimRaissi,ูุณูู,ูุง,ููุถูู, ...]","[HASH,HASH,NOUN,PART,ADJ, ...]"
"1","A","[ูุณูุชูุง,ูุงุด,ุฏุงุฑูุง,ูููุง,ูุฌูุณุฉ, ...]","[ูุณูุช+ูุง,ูุงุด,ุฏุงุฑ+ูุง,ูู+ูุง,ู+ุฌูุณ+ุฉ, ...]","[V+PRON,PART,V+PRON,PREP+PRON,CONJ+NOUN+NSUFF, ...]"
"1","B","[#ูุณูู_ูุบูู_ุนุฑุงูู,#ูุณูู_ูุญุจูุจ_ุงูุนุฑุจ,@Nassim_Raissi,#NassimRaissi,ูุณูู, ...]","[#ูุณูู_ูุบูู_ุนุฑุงูู,#ูุณูู_ูุญุจูุจ_ุงูุนุฑุจ,@Nassim_Raissi,#NassimRaissi,ูุณูู, ...]","[HASH,HASH,MENTION,HASH,NOUN, ...]"
"3","B","[ูุดุฏู,ุนูููุง,ุดู,ูุงูฺค,ุฏูุงู, ...]","[ูุดุฏ+ู,ุนูู+ูุง,ุดู,ูุงูฺค,ุฏูุงู, ...]","[V+PRON,PREP+PRON,NOUN,NOUN,PREP, ...]"
"3","B","[ูููุช,ุนููู,ุณูููุฉ,ุฑุจู,ูุดููู, ...]","[ูููุช,ุนูู+ู,ุณููู+ุฉ,ุฑุจ+ู,ูุดูู+ู, ...]","[V,PREP+PRON,NOUN+NSUFF,NOUN+PRON,V+PRON, ...]"
"4","B","[@111Wind,ููุฏุจ,ูู,ูุฌู,ููุงู, ...]","[@111Wind,ููุฏุจ,ูู,ูุฌ+ู,ู+ูุงู, ...]","[MENTION,V,PREP,NOUN+PRON,PART+V, ...]"
"2","A","[@ninoucha3006,@saharalkamar,ููููุดุฉ,ูุชู,ุจุงููุฉ, ...]","[@ninoucha3006,@saharalkamar,ููููุด+ุฉ,ูุชู,ุจุงูู+ุฉ, ...]","[MENTION,MENTION,NOUN+NSUFF,PRON,ADJ+NSUFF, ...]"
"4","B","[@KoukiRokima,ูุงุฏ,ุงูุนุงู,ุจุฒุงู,ุงุฎุชู, ...]","[@KoukiRokima,ูุงุฏ,ุงู+ุนุงู,ุจุฒุงู,ุงุฎุช+ู, ...]","[MENTION,PRON,DET+NOUN,ADV,NOUN+PRON, ...]"
"4","A","[#HananeElKhader,#IhabAmir,#SouhailaBenLachhab,ูุงุฏ,ุงูุนุงู, ...]","[#HananeElKhader,#IhabAmir,#SouhailaBenLachhab,ูุงุฏ,ุงู+ุนุงู, ...]","[HASH,HASH,HASH,PRON,DET+NOUN, ...]"
"4","A","[ูุงุฏ,ุงู,ุงููุงูุดุฉ,ููุช,ูุญุชุฑููุง, ...]","[ูุงุฏ,ุงู,ุงู+ูุงูุด+ุฉ,ููุช,ูุญุชุฑู+ูุง, ...]","[PRON,NOUN,DET+NOUN+NSUFF,V,V+PRON, ...]"
"1","A","[@SukainaQamal,@PresentableVue,@fenfoona_foufa,@saritta18_sarah,ูุงุฏ, ...]","[@SukainaQamal,@PresentableVue,@fenfoona_foufa,@saritta18_sarah,ูุงุฏ, ...]","[MENTION,MENTION,MENTION,MENTION,PRON, ...]"
"2","B","[ูุงุฏุง,ุงูุชุงุบ,ููู,ุงูุณูุงู,ู, ...]","[ูุงุฏุง,ุงู+ุชุงุบ,ูู+ู,ุงู+ุณูุงู,ู, ...]","[PRON,DET+NOUN,PREP+PRON,DET+NOUN,CONJ, ...]"
"2","A","[ูุงุฏุงููู,ูููุช,ูุนูุงุด,ูุฒุงูุช,ููููู, ...]","[ูุงุฏุง+ููู,ููู+ุช,ู+ุนูุงุด,ูุฒุงู+ุช,ู+ุงู+ููู, ...]","[PRON+ADV,V+PRON,CONJ+PART,PART+PRON,PREP+DET+NOUN, ...]"
"2","B","[ูุงุฏู,ุฎูุชูุง,ุงููุตุงุฑูุง,ูุชุงุน,ุงูุตุญ, ...]","[ูุงุฏู,ุฎูุช+ูุง,ุงู+ูุตุงุฑูุง,ูุชุงุน,ุงู+ุตุญ, ...]","[PRON,NOUN+PRON,DET+NOUN,PREP,DET+NOUN, ...]"
"5","B","[ูุงุฏู,ูุงููู,ุชููู,ุฃูุซุฑ,ูู, ...]","[ูุงุฏู,ูุง+ูู+ู,ุชููู,ุฃูุซุฑ,ูู, ...]","[PRON,PART+PREP+PRON,V,ADJ,PREP, ...]"
"2","A","[ูุงู,ุฃููุณ,ุญุจูุช,ููููู,ุฑุงู, ...]","[ูุงู,ุฃููุณ,ุญุจู+ุช,ูููู+ู,ุฑุง+ู, ...]","[NOUN,NOUN,V+PRON,V+PRON,PART+PRON, ...]"
"5","A","[@nihadhananูุฏุง,ุฑุงู,ุญุดูุช,ูููููุง,ูุงุดู, ...]","[@nihadhananูุฏุง,ุฑุง+ู,ุญุดู+ุช,ูููู+ูุง,ูุงุดู, ...]","[MENTION,PART+PRON,V+PRON,V+PRON,PART, ...]"
"1","A","[@i_love_moroco,ูุฏุงู,ุฑุงู,ุงูุงูู,ูู, ...]","[@i_love_moroco,ูุฏุง+ู,ุฑุง+ู,ุงูุงูู,ูู, ...]","[MENTION,PART+PRON,PART+PRON,ADJ,PRON, ...]"
"3","A","[@souhilabintarab,#ihabAmir,ูุดุงู,ุงููุบุฑุจู,ุงูุจุฑ, ...]","[@souhilabintarab,#ihabAmir,ูุดุงู,ุงู+ูุบุฑุจู,ุงูุจุฑ, ...]","[MENTION,HASH,NOUN,DET+ADJ,ADJ, ...]"
"3","B","[ูุดุชุงู,ุณูููู,ุฑุฌุน,ุบู,ุชุงุงุงุน, ...]","[ูุดุชุงู,ุณููู+ู,ุฑุฌุน,ุบู,ุชุงุงุงุน, ...]","[NOUN,NOUN+NSUFF,V,NOUN,PREP, ...]"
"1","B","[#AnisBourahla,#SocialMediaNight,ููุง,ุจุบููุง,ูุดููู, ...]","[#AnisBourahla,#SocialMediaNight,ููุง,ุจุบู+ูุง,ูุดูู+ู, ...]","[HASH,HASH,PART,V+PRON,V+PRON, ...]"
"4","B","[ูู,ุชุฑูู,ุฃู,ุงููุงุจ,ู, ...]","[ูู,ุชุฑ+ูู,ุฃู,ุงููุงุจ,ู, ...]","[PART,V+PRON,PART,NOUN,CONJ, ...]"
"1","B","[ูู,ูู,ูุถุญู,ู,ูู, ...]","[ูู,ูู,ูุถุญู,ู,ูู, ...]","[EMOT,NOUN,V,CONJ,NOUN, ...]"
"4","B","[@meral_samer,@shams2015saud1,ููู,ุขุงุงูููู,ุญุชู, ...]","[@meral_samer,@shams2015saud1,ููู,ุขุงุง+ููู+ู,ุญุชู, ...]","[MENTION,MENTION,EMOT,PART+NOUN+PRON,PART, ...]"
"4","A","[@elmoromourad,ููู,ูุงููุฉ,ุ,ุตุงูู, ...]","[@elmoromourad,ููู,ูุงูู+ุฉ,ุ,ุตุงูู, ...]","[MENTION,EMOT,ADJ+NSUFF,PUNC,NOUN, ...]"
"5","B","[@KarimaSiki,ูููู,ุฑุงู,ุนุงุฏ,ูุงููุฉ, ...]","[@KarimaSiki,ูููู,ุฑุง+ู,ุนุงุฏ,ูุงูู+ุฉ, ...]","[MENTION,EMOT,PART+PRON,ADV,NOUN+NSUFF, ...]"
"3","B","[@andalousie150,@mouhb1983,ูููู,ููุทูุด,ุตุญ, ...]","[@andalousie150,@mouhb1983,ูููู,ู+ูุทูุด,ุตุญ, ...]","[MENTION,MENTION,EMOT,DET+NOUN,NOUN, ...]"
"1","B","[@79Anise,@Kenza_Morsli,ูููู,ูุงู,ูุน, ...]","[@79Anise,@Kenza_Morsli,ูููู,ูุงู,ูุน, ...]","[MENTION,MENTION,EMOT,NOUN,CONJ, ...]"
"2","B","[@rida198,@CHSASO,@AmNaAlgeriana,ูููู,ูู, ...]","[@rida198,@CHSASO,@AmNaAlgeriana,ูููู,ูู, ...]","[MENTION,MENTION,MENTION,EMOT,PART, ...]"
"4","B","[@foulamarocaine:,@leiladina31,@ines_dz23,ููููู,ุงุฎุชู, ...]","[@foulamarocaine:,@leiladina31,@ines_dz23,ููููู,ุงุฎุช+ู, ...]","[MENTION,MENTION,MENTION,EMOT,NOUN+PRON, ...]"
"2","A","[@3imad_3imad,@mach_3il,ููููููู,ุดูุชู,ูู, ...]","[@3imad_3imad,@mach_3il,ููููููู,ุดูุช+ู,ูู, ...]","[MENTION,MENTION,EMOT,V+PRON,V, ...]"
"3","A","[@docilham,@NaoualMessoudi,ููููููููููู,ุตุงูู,ุงููู, ...]","[@docilham,@NaoualMessoudi,ููููููููููู,ุตุงูู,ุงููู, ...]","[MENTION,MENTION,EMOT,NOUN,PART, ...]"
"5","B","[@Salmarach_65,@dodi364,ูููููููููููู,ุงูููู,ุดูู, ...]","[@Salmarach_65,@dodi364,ูููููููููููู,ุง+ููู+ู,ุดูู, ...]","[MENTION,MENTION,EMOT,PART+NOUN+PRON,V, ...]"
"2","A","[@4216warda,ูููููููููููููู,ูุง,ุชุฎุงููุด,ูุงูู, ...]","[@4216warda,ูููููููููููููู,ูุง,ุชุฎุงู+ู+ุด,ูุงูู, ...]","[MENTION,EMOT,PART,V+PRON+PART,NOUN, ...]"
"4","A","[#HananeElKhader,ููุจุง,ุฌุงุจ,ูุญูุงู,ุจูุญุฏูุง, ...]","[#HananeElKhader,ููุจุง,ุฌุงุจ,ู+ุญูุงู,ุจ+ูุญุฏ+ูุง, ...]","[HASH,NOUN,V,PREP+NOUN,PREP+NOUN+NSUFF, ...]"
"4","B","[ููุจุชู,ุนูู,ู,ุตุงุจุชู,ูุง, ...]","[ููุจ+ุชู,ุนูู,ู,ุตุงุจ+ุช+ู,ูุง, ...]","[NOUN+PRON,NOUN,CONJ,V+NSUFF+PRON,PART, ...]"
"4","A","[@anis_salma,ูู,ูุง,ุดูุชู,ููุง, ...]","[@anis_salma,ูู,ูุง,ุดูุช+ู,ู+ูุง, ...]","[MENTION,PRON,PART,V+PRON,PREP+PRON, ...]"
"5","B","[ู,ุงููู,ูุนูุฏูู,ููุฌู,ุนูุงุด, ...]","[ู,ุงููู,ู+ุนูุฏ+ูู,ู+ูุฌู,ุนูุงุด, ...]","[CONJ,NOUN,PART+NOUN+PRON,DET+NOUN,PART, ...]"
"1","B","[@sugar__carmel,ู,ุงูุง,ุนูุฏู,ููุฉ, ...]","[@sugar__carmel,ู,ุงูุง,ุนูุฏ+ู,ูู+ุฉ, ...]","[MENTION,CONJ,PRON,NOUN+PRON,NOUN+NSUFF, ...]"
"1","B","[@n__ovnู,ุฒูุฏู,ูุตูุญุฉ,ููู,ูุง, ...]","[@n__ovnู,ุฒูุฏ+ู,ูุตูุญ+ุฉ,ูู+ู,ูุง, ...]","[MENTION,V+PRON,NOUN+NSUFF,PREP+PRON,PART, ...]"
"2","A","[ูุง,ุฃููุณ,ุณูุญููุง,ุญูุซ,ุชุนุตุจุช, ...]","[ูุง,ุฃููุณ,ุณูุญ+ู+ูุง,ุญูุซ,ุชุนุตุจ+ุช, ...]","[PART,NOUN,V+PREP+PRON,ADV,V+PRON, ...]"
"5","B","[ูุง,ุจูุงุฏููููู,ูุงุด,ุจุบูุชู,ุงูุจูุช, ...]","[ูุง,ุจูุงุฏููููู,ูุงุด,ุจุบูุช+ู,ุงู+ุจูุช, ...]","[PART,NOUN,PART,V+PRON,DET+NOUN, ...]"
"4","A","[@elkaberah,@shadshod86,@Nada_Mohammad93,ูุงุฎุง,ููู, ...]","[@elkaberah,@shadshod86,@Nada_Mohammad93,ูุงุฎุง,ูู+ู, ...]","[MENTION,MENTION,MENTION,NOUN,PREP+PRON, ...]"
"5","B","[@imane21847011,ูุงุฎูุฑุง,ุงูุฑุช,ุจุงูุญูููุฉ,ูุง, ...]","[@imane21847011,ู+ุงุฎูุฑ+ุง,ุงูุฑ+ุช,ุจ+ุงู+ุญููู+ุฉ,ูุง, ...]","[MENTION,CONJ+NOUN+CASE,V+PRON,PREP+DET+NOUN+NSUFF,PART, ...]"
"3","A","[@star_faiza,ูุงุด,ุญุงุณุจุฉ,ุฑูุญู,ุชูุฏุฑู, ...]","[@star_faiza,ูุงุด,ุญุงุณุจ+ุฉ,ุฑูุญ+ู,ุชูุฏุฑ+ู, ...]","[MENTION,PART,V+PRON,NOUN+PRON,V+PRON, ...]"
"4","B","[@DzairNewsLive,@JaadLola,@Kenza_Morsli,@souhilabintarab,ูุงุด, ...]","[@DzairNewsLive,@JaadLola,@Kenza_Morsli,@souhilabintarab,ูุงุด, ...]","[MENTION,MENTION,MENTION,MENTION,PART, ...]"
"3","B","[ูุงุด,ุฑุงููู,ูุชุตุฑูุญ,ููุง,ุ, ...]","[ูุงุด,ุฑุงู+ูู,ู+ุชุตุฑูุญ,ูู+ุง,ุ, ...]","[PART,NOUN+PRON,PREP+NOUN,PREP+PRON,PUNC, ...]"
"2","B","[ูุงุด,ุนูู,ูุณููู,ููููููุง,ุงูุทูู, ...]","[ูุงุด,ุนูู,ูุณููู,ููู+ู+ู+ูุง,ุงู+ุทูู, ...]","[PART,V,NOUN,V+PRON+PREP+PRON,DET+NOUN, ...]"
"3","A","[ูุงุด,ููุดู,ูุงู,ูุงู,ูุทุน, ...]","[ูุงุด,ููุดู,ูุงู,ูุงู,ูุทุน, ...]","[PART,NOUN,V,PROG_PART,V, ...]"
"4","B","[#ููุงุณูููุงุช_ุงูุงุจุชุฏุงุฆู,ูุงุด,ููุฒู,ุณุทุฑ,ููุง, ...]","[#ููุงุณูููุงุช_ุงูุงุจุชุฏุงุฆู,ูุงุด,ููุฒ+ู,ุณุทุฑ,ููุง, ...]","[HASH,PART,V+PRON,NOUN,CONJ, ...]"
"1","A","[ูุงุนุฑุฉ,ูุงุนุฑุฉ,ูุงุนุฑุฉ,ูุฏู,ุงูุงุบููุฉ, ...]","[ูุงุนุฑ+ุฉ,ูุงุนุฑ+ุฉ,ูุงุนุฑ+ุฉ,ูุฏู,ุงู+ุงุบูู+ุฉ, ...]","[ADJ+NSUFF,ADJ+NSUFF,ADJ+NSUFF,PART,DET+NOUN+NSUFF, ...]"
"4","B","[@Hanasoltani1,@souhilabintarab,ูุงูุญุงุฌุฉ,ูู,ุชูุชููู, ...]","[@Hanasoltani1,@souhilabintarab,ู+ุงู+ุญุงุฌ+ุฉ,ูู,ุชูุชู+ูู, ...]","[MENTION,MENTION,CONJ+DET+NOUN+NSUFF,PART,V+PRON, ...]"
"1","A","[ูุงููู,ุงุตุงุญุจู,ุณุฑูุงู,ุงูุจุณุจุงุณ,ูุชููุง, ...]","[ู+ุงููู,ุงุตุงุญุจ+ู,ุณุฑูุงู,ุงู+ุจุณุจุงุณ,ูุชู+ูุง, ...]","[CONJ+NOUN,NOUN+PRON,NOUN,DET+NOUN,V+PRON, ...]"
"3","B","[ูุฏุงุจุง,ุงููุฎุงุจุฒ,ุฏุงุฑู,ุงูุงุถุฑุงุจ,ูู, ...]","[ู+ุฏุงุจุง,ุงู+ูุฎุงุจุฒ,ุฏุงุฑ+ู,ุงู+ุงุถุฑุงุจ,ูู, ...]","[CONJ+ADV,DET+NOUN,V+PRON,DET+NOUN,PREP, ...]"
"4","B","[ูุณูุฑ,ุฏุงูุน,ุนูู,ุงุจูุถุงุฑ,ุฑุงู, ...]","[ู+ุณูุฑ,ุฏุงูุน,ุนูู,ุงุจูุถุงุฑ,ุฑุง+ู, ...]","[CONJ+V,V,PREP,NOUN,PART+PRON, ...]"
"4","A","[@samiatuba,ููุงูู,ููู,ููู,ูุนุจุงุณ, ...]","[@samiatuba,ู+ูุงู+ู,ูู+ู,ููู,ู+ุนุจุงุณ, ...]","[MENTION,CONJ+V+PRON,PREP+PRON,V,PREP+NOUN, ...]"
"4","A","[ููุงู,ุญุจูุจู,ูุงูู,ุ,ูููููู, ...]","[ู+ูุง+ู,ุญุจูุจ+ู,ูุง+ู+ู,ุ,ููู+ู+ู+ู, ...]","[CONJ+PART+PREP,NOUN+NSUFF,PART+PREP+PRON,PUNC,V+PRON+PREP+PRON, ...]"
"2","A","[ูุง,ุฌูุงุนุฉ,ูุด,ุตุฑุงูู,ูู, ...]","[ูุง,ุฌูุงุน+ุฉ,ูุด,ุตุฑุง+ู+ู,ูู, ...]","[PART,NOUN+NSUFF,PART,V+PREP+PRON,PREP, ...]"
"5","B","[@badrsoultan,ูุง,ุญุจูุจูุง,ุฑุงุญ,ุญูุง, ...]","[@badrsoultan,ูุง,ุญุจูุจ+ูุง,ุฑุงุญ,ุญูุง, ...]","[MENTION,PART,NOUN+PRON,V,PRON, ...]"
"2","B","[ูุง,ุฑุจ,ุฑุงูู,ูุตูุช,ูุณุงูู, ...]","[ูุง,ุฑุจ,ุฑุง+ูู,ูุตูุช,ู+ุณุงูู, ...]","[PART,NOUN,PART+PRON,V,PREP+NOUN, ...]"
"3","A","[ูุง,ุฑุจู,ูุงุด,ุฑุงูู,ุตุงุฑู, ...]","[ูุง,ุฑุจ+ู,ูุงุด,ุฑุงูู,ุตุงุฑู, ...]","[PART,NOUN+NSUFF,PART,NOUN,NOUN, ...]"
"3","A","[#IhabAmir,#SouhailaBenLachhab,ูุง,ุนูุจุงุฏ,ุงููู, ...]","[#IhabAmir,#SouhailaBenLachhab,ูุง,ุนูุจุงุฏ,ุงููู, ...]","[HASH,HASH,PART,NOUN,NOUN, ...]"
"1","A","[ูุง,ูุงุณ,ูุญู,ุชุงุบ,ุณุชุงุฑ, ...]","[ูุง,ูุงุณ,ูุญู,ุชุงุบ,ุณุชุงุฑ, ...]","[PART,NOUN,V,NOUN,NOUN, ...]"
"4","A","[ูุงุงู,ุงุณูุนููู,ูุงุด,ููุงุฑ,ุณูุนุชู, ...]","[ูุงุงู,ุงุณูุน+ู+ูู,ูุงุด,ููุงุฑ,ุณูุนุช+ู, ...]","[NOUN,V+PRON+PRON,NOUN,NOUN,V+PRON, ...]"
"2","A","[#SouhailaBenLachhab,#JeSuisSouhaila,ูุงุฌูุงุนุฉ,ุนูุงุด,ูุงุฏุฎูุชูุด, ...]","[#SouhailaBenLachhab,#JeSuisSouhaila,ูุง+ุฌูุงุน+ุฉ,ุนูุงุด,ูุง+ุฏุฎู+ุชู+ุด, ...]","[HASH,HASH,PART+NOUN+NSUFF,PART,PART+V+PRON+NEG_PART, ...]"
"2","A","[ูุงู,ูุชููุง,ุฑุงุณูู,ุญุฌุฑ,ุฏุงููุง, ...]","[ูุงู,ูุชููุง,ุฑุงุณ+ูู,ุญุฌุฑ,ุฏุงููุง, ...]","[NOUN,PRON,NOUN+PRON,NOUN,ADV, ...]"
"5","A","[ูุงูููู,ุงุด,ูุฏ,ุงูุฌุนูู,ููุจู, ...]","[ู+ุงูููู,ุงุด,ูุฏ,ุงูุฌุน+ูู,ููุจ+ู, ...]","[PART+NOUN,PART,NOUN,V+PRON,NOUN+PRON, ...]"
"4","A","[ูุงู,ููุงู,ุชุดูู,ููู,ูุงูุช, ...]","[ูุงู,ู+ูุงู,ุชุดูู,ููู,ูุงู+ุช, ...]","[PART,PART+V,V,PART,V+PRON, ...]"
"2","B","[@foufa_feryal,@alshreef_stark,ูุงููุง,ุนุงููุงูุฒ,ุฎุถุฑุง, ...]","[@foufa_feryal,@alshreef_stark,ูุง+ููุง,ุน+ุงู+ูุงูุฒ,ุฎุถุฑุง, ...]","[MENTION,MENTION,PART+NOUN,PREP+DET+NOUN,ADJ, ...]"
"5","A","[@souhilabintarab,ูุญุจููู,ุจุงุด,ููุญูููุง,ูุญุจููู, ...]","[@souhilabintarab,ูุญุจ+ู+ูู,ุจุงุด,ููุญูู+ูุง,ูุญุจ+ู+ูู, ...]","[MENTION,V+PREP+PRON,PART,V+PRON,V+PREP+PRON, ...]"
"1","B","[ูู,ูุญุจูุง,ูุญุจูู,ููู,ุฑุงุณ, ...]","[ูู,ูุญุจ+ูุง,ูุญุจ+ู+ู,ููู,ุฑุงุณ, ...]","[PART,V+PRON,V+PRON+PRON,ADV,NOUN, ...]"
"1","B","[@Minocha09459112,@fati_tanjawia,ูุฑุญู,ุจุงุจุงู,ุญุจุณู, ...]","[@Minocha09459112,@fati_tanjawia,ูุฑุญู,ุจุงุจุง+ู,ุญุจุณ+ู, ...]","[MENTION,MENTION,V,NOUN+PRON,V+PRON, ...]"
"3","A","[@besmalg,@Melisajodiyaho1,@MinaWeibe,@mimita40581532,@amelB11, ...]","[@besmalg,@Melisajodiyaho1,@MinaWeibe,@mimita40581532,@amelB11, ...]","[MENTION,MENTION,MENTION,MENTION,MENTION, ...]"
"3","B","[#SouhilabenLachhab,ูุนุฌุจููู,ุงูุงููุงุจููู,ุฑุบู,ุญุจูู, ...]","[#SouhilabenLachhab,ูุนุฌุจ+ู+ูู,ุงู+ุงููุงุจู+ูู,ุฑุบู,ุญุจ+ูู, ...]","[HASH,V+PRON+PRON,DET+NOUN+NSUFF,ADV,NOUN+PRON, ...]"
"1","B","[ูุนุฌุจููู,ุงูุญุฑูู,ุชุงุน,ุฎุถุฑุงุก,ูู, ...]","[ูุนุฌุจ+ู+ูู,ุงู+ุญุฑูู,ุชุงุน,ุฎุถุฑุงุก,ูู, ...]","[V+PRON+PRON,DET+NOUN,PREP,NOUN,PART, ...]"
"4","B","[ูุนูู,ุฑุงูู,ูุฏูุฑูููุง,ูุงูุณูุณุจุงูุณ,ุจุงู, ...]","[ูุนูู,ุฑุง+ูู,ูุฏูุฑ+ู+ู+ูุง,ู+ุงู+ุณูุณุจุงูุณ,ุจุงู, ...]","[V,PART+PRON,V+PRON+PREP+PRON,PREP+DET+NOUN,PART, ...]"
